experience_emp;fichier_source;fonction_emp;formation_emp;lieu_emp;missions_emp;niveau_hierarchique;nom_societe_gemini;nom_societe_scrap;secteur_emp;soft_skills_emp;technos_emp;titre_emp;type_emp
NULL;13546-INFO-EMP-LINKEDIN-FR-1599984246.html;Ingénierie;NULL;Lyon, FR;NULL;Premier emploi;NULL;Freelance-info.fr;Technologies de l’information;NULL;NULL;Ingénieur Expert(e) Talend (H/F) / Freelance;Temps plein
NULL;13555-INFO-EMP-LINKEDIN-FR-1602837931.html;Technologies de l’information;NULL;Lyon Area, France;NULL;Manager;NULL;Capgemini;Technologies et services de l’information;NULL;NULL;Lead Python Big Data H/F;Temps plein
NULL;13645-INFO-EMP-LINKEDIN-FR-1613335492.html;Autre;NULL;Montrouge, Île-de-France, France;NULL;Premier emploi;NULL;Groupe Crédit Agricole;Technologies de l’information;NULL;NULL;Data Scientist;Temps plein
NULL;13646-INFO-EMP-LINKEDIN-FR-1599903216.html;Ingénierie;NULL;Paris La Défense, Île-de-France, France;NULL;Confirmé;NULL;Altran;Analyste;NULL;NULL;Data Scientist;Temps plein
NULL;13647-INFO-EMP-LINKEDIN-FR-1607874932.html;Marketing;NULL;Roubaix, Nord-Pas-de-Calais, France;NULL;Confirmé;NULL;La Redoute;Technologies de l’information;NULL;NULL;Data Scientist (H/F);Temps plein
NULL;13648-INFO-EMP-LINKEDIN-FR-1644396429.html;Ingénierie;NULL;Région de Paris, France;NULL;Confirmé;NULL;Openvalue;Technologies de l’information;NULL;NULL;Data Scientist;Temps plein
NULL;13649-INFO-EMP-LINKEDIN-FR-1602629908.html;Technologies de l’information;NULL;Malakoff, FR;NULL;Premier emploi;NULL;Openfield;Gestion des associations et fondations;NULL;NULL;Data Engineer (H/F) – Stage / Alternance;Temps plein
NULL;13650-INFO-EMP-LINKEDIN-FR-1586966832.html;Ingénierie;NULL;Neuilly-sur-Seine, FR;NULL;Premier emploi;NULL;SEPHORA;Technologies de l’information;NULL;NULL;CDI - DATA SCIENTIST (F/H);Temps plein
NULL;13651-INFO-EMP-LINKEDIN-FR-1602795809.html;Technologies de l’information;NULL;Paris, FR;NULL;Stagiaire;NULL;Artefact;Marketing et publicité;NULL;NULL;Intern Data Consultant;Stagiaire / Alternant
NULL;13652-INFO-EMP-LINKEDIN-FR-1602923328.html;Ingénierie;NULL;Paris, FR;NULL;Stagiaire;NULL;Artefact;Technologies de l’information;NULL;NULL;Intern Data Scientist;Stagiaire / Alternant
NULL;13653-INFO-EMP-LINKEDIN-FR-1599900563.html;Technologies de l’information;NULL;Région de Paris, France;NULL;Confirmé;NULL;Morgan Philips Group;Articles de luxe et bijouterie;NULL;NULL;Architecte Urbaniste d’Entreprise;Temps plein
NULL;13654-INFO-EMP-LINKEDIN-FR-1599900656.html;Technologies de l’information;NULL;Région de Paris, France;NULL;Confirmé;NULL;Approach People Recruitment;Divertissements;NULL;NULL;Super opportunité pour Data Engineer – Pure player Foodtech – H/F;Temps plein
NULL;13556-INFO-EMP-LINKEDIN-FR-1637899355.html;Ingénierie;NULL;Lyon, FR;NULL;Premier emploi;NULL;Alptis;Technologies de l’information;NULL;NULL;Stagiaire Data Science H/F;Temps plein
NULL;13655-INFO-EMP-LINKEDIN-FR-1583070005.html;Technologies de l’information;NULL;Région de Paris, France;NULL;Confirmé;NULL;Thales;Technologies et services de l’information;NULL;NULL;Ingénieur JAVA / Angular -  Confirmé H/F;Temps plein
NULL;13656-INFO-EMP-LINKEDIN-FR-1582174574.html;Conseil;NULL;Région de Paris, France;NULL;Confirmé;NULL;D2SI;Technologies de l’information;NULL;NULL;Big data Engineer;Temps plein
NULL;13657-INFO-EMP-LINKEDIN-FR-1599221020.html;Technologies de l’information;NULL;Issy-les-Moulineaux, Île-de-France, France;NULL;Premier emploi;NULL;Accor;Hôtellerie et hébergement;NULL;NULL;Data Engineer (H/F);Temps plein
NULL;13658-INFO-EMP-LINKEDIN-FR-1582187354.html;Ingénierie;NULL;Région de Paris, France;NULL;Confirmé;NULL;Aubay France;Conseil;NULL;NULL;Big Data Engineer;Temps plein
NULL;13659-INFO-EMP-LINKEDIN-FR-1622604073.html;Ingénierie;NULL;Paris, FR;NULL;Premier emploi;NULL;LVMH;Technologies de l’information;NULL;NULL;Stage - Data Scientist H/F;Temps plein
NULL;13660-INFO-EMP-LINKEDIN-FR-1589527645.html;Technologies de l’information;NULL;Lyon, Auvergne-Rhône-Alpes, France;NULL;Confirmé;NULL;WOM Recruitment;Technologies et services de l’information;NULL;NULL;Architecte Data/BI H/F ;Temps plein
NULL;13661-INFO-EMP-LINKEDIN-FR-1616553459.html;Technologies de l’information;NULL;Lyon, FR;NULL;Premier emploi;NULL;Veolia;Technologies et services de l’information;NULL;NULL;Data Analyst-Data Scientist;Temps plein
NULL;13662-INFO-EMP-LINKEDIN-FR-1645674770.html;Conseil;NULL;Région de Paris, France;NULL;Manager;NULL;Awalee Consulting;Ingénierie;NULL;NULL;Data Scientist;Temps plein
NULL;13663-INFO-EMP-LINKEDIN-FR-1608545171.html;Développement commercial;NULL;Lyon, FR;NULL;Confirmé;NULL;Citech;Ventes;NULL;NULL;Consultant Décisionnel (H/F) - Lyon;Temps plein
NULL;13664-INFO-EMP-LINKEDIN-FR-1608842426.html;Développement commercial;NULL;Lyon, FR;NULL;Confirmé;NULL;Citech;Ventes;NULL;NULL;Consultant Décisionnel (H/F) / Freelance;Temps plein
NULL;13557-INFO-EMP-LINKEDIN-FR-1644582626.html;Ingénierie;NULL;Gradignan, FR;NULL;Premier emploi;NULL;Université de Bordeaux;Technologies de l’information;NULL;NULL;Assistant ingénieur en CDD, Administrateur / Concepteur / Développeur SI décisionnel H/F, BAP E;Temps plein
NULL;13665-INFO-EMP-LINKEDIN-FR-1611024126.html;Conseil;NULL;Lyon, FR;NULL;Confirmé;NULL;DeciVision;Technologies de l’information;NULL;NULL;CONSULTANT / CONSULTANTE DÉCISIONNEL - BUSINESS INTELLIGENC (H/F);Temps plein
NULL;13666-INFO-EMP-LINKEDIN-FR-1617992097.html;Développement commercial;NULL;Lyon, FR;NULL;Confirmé;NULL;CITECH;Ventes;NULL;NULL;Consultant Décisionnel (H/F);Temps plein
NULL;13667-INFO-EMP-LINKEDIN-FR-1564431807.html;Développement commercial;NULL;Lyon, FR;NULL;Confirmé;NULL;DeciVision;Ventes;NULL;NULL;Consultant BI confirmé H/F - Lyon;Temps plein
NULL;13668-INFO-EMP-LINKEDIN-FR-1550369256.html;Développement commercial;NULL;Lyon, FR;NULL;Confirmé;NULL;ALTIVIEW;Ventes;NULL;NULL;Consultant Décisionnel;Temps plein
NULL;13669-INFO-EMP-LINKEDIN-FR-1465801732.html;Ingénierie;NULL;Lyon, FR;NULL;Confirmé;NULL;Everwin;Technologies de l’information;NULL;NULL;Consultant intégration progiciel (H/F);Temps plein
NULL;13670-INFO-EMP-LINKEDIN-FR-1586967443.html;Ingénierie;NULL;Neuilly-sur-Seine, FR;NULL;Premier emploi;NULL;SEPHORA;Technologies de l’information;NULL;NULL;Stage - Data Scientist;Temps plein
NULL;13671-INFO-EMP-LINKEDIN-FR-1599275657.html;Technologies de l’information;NULL;Departement des Hauts-de-Seine, FR;NULL;Premier emploi;NULL;AXA en France;Technologies et services de l’information;NULL;NULL;Graduate Program - Data Analyst en santé (F/H);Temps plein
NULL;13672-INFO-EMP-LINKEDIN-FR-1638767811.html;Ingénierie;NULL;Colombes, FR;NULL;Premier emploi;NULL;DATALAKE;Technologies de l’information;NULL;NULL;Développeur Android F/H;Temps plein
NULL;13673-INFO-EMP-LINKEDIN-FR-1646315355.html;Distribution;NULL;Paris, Ile-de-France, France;NULL;Stagiaire;NULL;Lacoste;Confection et mode;NULL;NULL;Stagiaire Data Analyst (F/H);Temps plein
NULL;13674-INFO-EMP-LINKEDIN-FR-1638331547.html;Ingénierie;NULL;Puteaux, FR;NULL;Premier emploi;NULL;Datalake;Technologies de l’information;NULL;NULL;Ingénieur / Ingénieure système informatique;Temps plein
NULL;13558-INFO-EMP-LINKEDIN-FR-1610492058.html;Ingénierie;NULL;Lyon, FR;NULL;Premier emploi;NULL;ADERLY / Invest in Lyon;Technologies de l’information;NULL;NULL;Data scientist en imagerie médicale H/F;Temps plein
NULL;13675-INFO-EMP-LINKEDIN-FR-1616503045.html;Ingénierie;NULL;Paris, FR;NULL;Premier emploi;NULL;Alithya;Technologies de l’information;NULL;NULL;Ingénieur développeur Big Data ;Temps plein
NULL;13676-INFO-EMP-LINKEDIN-FR-1604826770.html;Ingénierie;NULL;Nantes, FR;NULL;Premier emploi;NULL;Sparklane;Technologies de l’information;NULL;NULL;Ingénieur Big Data;Temps plein
NULL;13677-INFO-EMP-LINKEDIN-FR-1631668386.html;Ingénierie;NULL;Paris, FR;NULL;Premier emploi;NULL;INGENIANCE;Technologies de l’information;NULL;NULL;Ingenieur developpement big data;Temps plein
NULL;13678-INFO-EMP-LINKEDIN-FR-1550925972.html;Conseil;NULL;Neuilly-sur-Seine, Île-de-France, France;NULL;Confirmé;NULL;JEMS;Ressources humaines;NULL;NULL;INGÉNIEUR *DEVOPS* H/F;Temps plein
NULL;13679-INFO-EMP-LINKEDIN-FR-1611009058.html;Technologies de l’information;NULL;Paris, FR;NULL;Premier emploi;NULL;Zenly;Logiciels informatiques;NULL;NULL;Data Analyst;CDD ou mission ponctuelle
NULL;13680-INFO-EMP-LINKEDIN-FR-1595462315.html;Analyste;NULL;Paris Area, France;NULL;Manager;NULL;Harnham;Marketing;NULL;NULL;DATA ANALYST SENIOR;Temps plein
NULL;13681-INFO-EMP-LINKEDIN-FR-1637893990.html;Technologies de l’information;NULL;Lyon, FR;NULL;Premier emploi;NULL;Roamler;Marketing et publicité;NULL;NULL;Data Analyst;Temps plein
NULL;13682-INFO-EMP-LINKEDIN-FR-1569854100.html;Commerce;NULL;Neuville-en-Ferrain, Hauts-de-France, France;NULL;Confirmé;NULL;Phildar;Technologies de l’information;NULL;NULL;Data Analyst;Temps plein
NULL;13683-INFO-EMP-LINKEDIN-FR-1640409256.html;Technologies de l’information;NULL;Paris, FR;NULL;Stagiaire;NULL;SmartAdServer;Technologies et services de l’information;NULL;NULL;Data Analyst (Intern);Temps plein
NULL;13684-INFO-EMP-LINKEDIN-FR-1616553459.html;Technologies de l’information;NULL;Lyon, FR;NULL;Premier emploi;NULL;Veolia;Technologies et services de l’information;NULL;NULL;Data Analyst-Data Scientist;Temps plein
NULL;13559-INFO-EMP-LINKEDIN-FR-1637893990.html;Technologies de l’information;NULL;Lyon, FR;NULL;Premier emploi;NULL;Roamler;Marketing et publicité;NULL;NULL;Data Analyst;Temps plein
NULL;13685-INFO-EMP-LINKEDIN-FR-1638878911.html;Technologies de l’information;NULL;Paris, FR;NULL;Premier emploi;NULL;ADD UP;Technologies et services de l’information;NULL;NULL;Data Analyst;Temps plein
NULL;13686-INFO-EMP-LINKEDIN-FR-1639152129.html;Technologies de l’information;NULL;Montpellier, FR;NULL;Premier emploi;NULL;CGIAR;Gestion des associations et fondations;NULL;NULL;Data Analyst;Temps plein
NULL;13687-INFO-EMP-LINKEDIN-FR-1642799834.html;Technologies de l’information;NULL;Paris, FR;NULL;Premier emploi;NULL;Datadog;Technologies et services de l’information;NULL;NULL;Data Analyst - Internal Analytics Platform;Temps plein
NULL;13688-INFO-EMP-LINKEDIN-FR-1605305598.html;Conseil;NULL;75009, Paris, Ile-de-France, France;NULL;Premier emploi;NULL;TSC;Analyste;NULL;NULL;Consultant Data Analyst;Temps plein
NULL;13689-INFO-EMP-LINKEDIN-FR-1609097045.html;Analyste;NULL;Massy, Ile-de-France, France;NULL;Confirmé;NULL;Osella Technology;Développement commercial;NULL;NULL;Senior Data Analyst;Temps plein
NULL;13690-INFO-EMP-LINKEDIN-FR-1551287155.html;Technologies de l’information;NULL;Paris, FR;NULL;Premier emploi;NULL;Doctolib;Technologies et services de l’information;NULL;NULL;Data Analyst;Temps plein
NULL;13691-INFO-EMP-LINKEDIN-FR-1640196760.html;Technologies de l’information;NULL;Paris, FR;NULL;Stagiaire;NULL;Deliveroo;Technologies et services de l’information;NULL;NULL;Data Analyst Intern;Stagiaire / Alternant
NULL;13692-INFO-EMP-LINKEDIN-FR-1538113645.html;Analyste;NULL;Roubaix, Nord-Pas-de-Calais, France;NULL;Confirmé;NULL;La Redoute;Autre;NULL;NULL;Data Analyst;Temps plein
NULL;13693-INFO-EMP-LINKEDIN-FR-1573124115.html;Analyste;NULL;Le Plessis-Belleville, Picardie, France;NULL;Stagiaire;NULL;CNH Industrial;Ingénierie;NULL;NULL;DATA ANALYST;CDD ou mission ponctuelle
NULL;13694-INFO-EMP-LINKEDIN-FR-1607883489.html;Technologies de l’information;NULL;Paris, FR;NULL;Non pertinent;NULL;Criteo;Internet;NULL;NULL;Data Analyst, Paris;Temps plein
NULL;13560-INFO-EMP-LINKEDIN-FR-1624194180.html;Ingénierie;NULL;Saint-Maurice-sur-Dargoire, FR;NULL;Premier emploi;NULL;MycommunIT;Technologies de l’information;NULL;NULL;DATA SCIENTIST (H/F) - Saint-Maurice;Temps plein
NULL;13695-INFO-EMP-LINKEDIN-FR-1584291041.html;Technologies de l’information;NULL;Paris et périphérie;NULL;Confirmé;NULL;Solocal;Marketing et publicité;NULL;NULL;Data Analyst;Temps plein
NULL;13696-INFO-EMP-LINKEDIN-FR-1569406855.html;Analyste;NULL;Région de Paris, France;NULL;Confirmé;NULL;Contentsquare;Conseil;NULL;NULL;Web Data Analyst;Temps plein
NULL;13697-INFO-EMP-LINKEDIN-FR-1640599739.html;Technologies de l’information;NULL;Paris, FR;NULL;Premier emploi;NULL;EXTERNATIC;Technologies et services de l’information;NULL;NULL;Data analyst;Temps plein
NULL;13698-INFO-EMP-LINKEDIN-FR-1596028650.html;Technologies de l’information;NULL;Bordeaux, Nouvelle-Aquitaine, France;NULL;Confirmé;NULL;Meritis;Management de projet;NULL;NULL;Data Analyst;Temps plein
NULL;13699-INFO-EMP-LINKEDIN-FR-1613333804.html;Autre;NULL;Montrouge, Île-de-France, France;NULL;Premier emploi;NULL;Groupe Crédit Agricole;Technologies de l’information;NULL;NULL;Data Analyst;Temps plein
NULL;13700-INFO-EMP-LINKEDIN-FR-1607890296.html;Finance;NULL;Région de Paris, France;NULL;Confirmé;NULL;Fortuneo;Marketing;NULL;NULL;Data analyst (h/f);Temps plein
NULL;13701-INFO-EMP-LINKEDIN-FR-1562348530.html;Technologies de l’information;NULL;Boulogne-Billancourt, Île-de-France, France;NULL;Stagiaire;NULL;Catalina France;Marketing et publicité;NULL;NULL;DATA ANALYST ;Temps plein
NULL;13702-INFO-EMP-LINKEDIN-FR-1181391775.html;Ingénierie;NULL;Paris, Île-de-France, France;NULL;Confirmé;NULL;Manpower France;Presse écrite;NULL;NULL;DATA Analyst;Temps plein
NULL;13703-INFO-EMP-LINKEDIN-FR-1638949709.html;Développement commercial;NULL;Lyon, FR;NULL;Confirmé;NULL;DeciVision;Ventes;NULL;NULL;Consultant décisionnel Business Intelligence confirmé F/H;Temps plein
NULL;13704-INFO-EMP-LINKEDIN-FR-1646252993.html;Développement commercial;NULL;Lyon 01, FR;NULL;Confirmé;NULL;Smily Rh;Ventes;NULL;NULL;Consultant / Consultante décisionnel - Business Intelligence (H/F);Temps plein
NULL;13561-INFO-EMP-LINKEDIN-FR-1390703995.html;Développement commercial;NULL;Lille, FR;NULL;Premier emploi;NULL;Harnham;Ventes;NULL;NULL;INGÉNIEUR DÉCISIONNEL BI;Temps plein
NULL;13705-INFO-EMP-LINKEDIN-FR-1602917662.html;Autre;NULL;Lyon, FR;NULL;Non pertinent;NULL;WiSH RECRUTEMENT;Recrutement;NULL;NULL;Chargé(e) de Projet Décisionnel / Data Manager (H/F);Temps plein
NULL;13706-INFO-EMP-LINKEDIN-FR-1640475021.html;Conseil;NULL;Lyon, FR;NULL;Confirmé;NULL;Danem People Group - Engineering & Technology Recruitment Specialists;Technologies de l’information;NULL;NULL;Consultant(e) Décisionnel BI F/H;Temps plein
NULL;13707-INFO-EMP-LINKEDIN-FR-1451696009.html;Conseil;NULL;Lyon, FR;NULL;Confirmé;NULL;Team Work;Technologies de l’information;NULL;NULL;Consultant(e) Décisionnel Senior - Business Intelligence;Temps plein
NULL;13708-INFO-EMP-LINKEDIN-FR-1575170312.html;Développement commercial;NULL;Lyon, FR;NULL;Confirmé;NULL;Freelance-info.fr;Ventes;NULL;NULL;Consultant Décisionnel (H/F) / Freelance;Temps plein
NULL;13709-INFO-EMP-LINKEDIN-FR-1606951136.html;Développement commercial;NULL;Lyon, FR;NULL;Manager;NULL;CITECH;Ventes;NULL;NULL;Consultant Décisionnel (H/F);Temps plein
NULL;13710-INFO-EMP-LINKEDIN-FR-1640585826.html;Développement commercial;NULL;Villeurbanne, FR;NULL;Confirmé;NULL;Amiltone;Ventes;NULL;NULL;Consultant décisionnel ETL/ESB F/H;Temps plein
NULL;13711-INFO-EMP-LINKEDIN-FR-1573149650.html;Développement commercial;NULL;Lyon, FR;NULL;Confirmé;NULL;Umanis;Ventes;NULL;NULL;CONSULTANT BUSINESS INTELLIGENCE H/F LYON;Temps plein
NULL;13712-INFO-EMP-LINKEDIN-FR-1599910885.html;Technologies de l’information;NULL;Lyon, FR;NULL;Confirmé;NULL;Astek;Conseil;NULL;NULL;Consultant BI / QlickView (F/H);Temps plein
NULL;13713-INFO-EMP-LINKEDIN-FR-1622737346.html;Développement commercial;NULL;Lyon, FR;NULL;Confirmé;NULL;Danem Group;Ventes;NULL;NULL;Consultant BI décisionnel QlikSense F/H;Temps plein
NULL;13714-INFO-EMP-LINKEDIN-FR-1640739685.html;Développement commercial;NULL;Lyon, FR;NULL;Confirmé;NULL;CITECH;Ventes;NULL;NULL;Consultant Décisionnel F/H;Temps plein
NULL;13562-INFO-EMP-LINKEDIN-FR-1451077490.html;Développement commercial;NULL;Lyon, FR;NULL;Premier emploi;NULL;EOLE Consulting;Ventes;NULL;NULL;Ingénieur Décisionnel/BI H/F;Temps plein
NULL;13715-INFO-EMP-LINKEDIN-FR-1497554899.html;Développement commercial;NULL;Lyon, FR;NULL;Non pertinent;NULL;Atos;Ventes;NULL;NULL;Consultant décisionnel / Big Data (H/F);Temps plein
NULL;13716-INFO-EMP-LINKEDIN-FR-1590167782.html;Développement commercial;NULL;Lyon, FR;NULL;Confirmé;NULL;Everwin;Ventes;NULL;NULL;Consultant Decisionnel BI (H/F);Temps plein
NULL;13717-INFO-EMP-LINKEDIN-FR-1564431808.html;Développement commercial;NULL;Lyon, FR;NULL;Confirmé;NULL;DeciVision;Ventes;NULL;NULL;Consultant décisionnel stagiaire H/F - Lyon;Temps plein
NULL;13718-INFO-EMP-LINKEDIN-FR-1418691215.html;Ingénierie;NULL;Région de Lyon, France;NULL;Confirmé;NULL;Smile Open Source Solutions;Technologies et services de l’information;NULL;NULL;CONSULTANT DÉCISIONNEL H/F;Temps plein
NULL;13719-INFO-EMP-LINKEDIN-FR-1599912507.html;Technologies de l’information;NULL;Lyon, FR;NULL;Confirmé;NULL;Astek;Conseil;NULL;NULL;Consultant MS BI (F/H);Temps plein
NULL;13720-INFO-EMP-LINKEDIN-FR-1566353655.html;Développement commercial;NULL;Villeurbanne, FR;NULL;Confirmé;NULL;Micropole;Ventes;NULL;NULL;Consultant décisionnel - H/F;Temps plein
NULL;13721-INFO-EMP-LINKEDIN-FR-1618418909.html;Ingénierie;NULL;Puteaux, FR;NULL;Premier emploi;NULL;Datalake;Technologies de l’information;NULL;NULL;INGÉNIEUR / INGÉNIEURE SYSTÈME INFORMATIQUE (H/F);Temps plein
NULL;13722-INFO-EMP-LINKEDIN-FR-1582179705.html;Technologies de l’information;NULL;Cestas, Nouvelle-Aquitaine, France;NULL;Confirmé;NULL;Lectra;Ingénierie;NULL;NULL;Ingénieur développement data HF;Temps plein
NULL;13723-INFO-EMP-LINKEDIN-FR-1486245080.html;Ingénierie;NULL;Levallois-Perret, FR;NULL;Premier emploi;NULL;Micropole;Technologies de l’information;NULL;NULL;Ingénieur d'Etudes Décisionnel Senior - Data Intelligence H/F;Temps plein
NULL;13724-INFO-EMP-LINKEDIN-FR-1573136793.html;Ventes;NULL;Enghien-les-Bains, Île-de-France, France;NULL;Manager;NULL;Octopeek;Développement commercial;NULL;NULL;Ingénieur d'Affaires Expert BIG DATA/IA;Temps plein
NULL;13563-INFO-EMP-LINKEDIN-FR-1578578508.html;Technologies de l’information;NULL;Lyon, Auvergne-Rhone-Alpes, France;NULL;Premier emploi;NULL;Axway;Études/recherche;NULL;NULL;Big Data Software Developer;Temps plein
NULL;13725-INFO-EMP-LINKEDIN-FR-1602840347.html;Ingénierie;NULL;Nantes, FR;NULL;Confirmé;NULL;Gfi world;Technologies de l’information;NULL;NULL;Ingénieur d'études BI H/F;Temps plein
NULL;13726-INFO-EMP-LINKEDIN-FR-1610898392.html;Ingénierie;NULL;Nantes, FR;NULL;Premier emploi;NULL;Baldwin Partners;Technologies de l’information;NULL;NULL;Ingénieur big data CDI;Temps plein
NULL;13727-INFO-EMP-LINKEDIN-FR-1607894233.html;Ingénierie;NULL;Neuilly-sur-Seine, Île-de-France, France;NULL;Confirmé;NULL;GROUPE M6;Technologies de l’information;NULL;NULL;CDI Ingénieur de Développement / moteurs d'optimisation H/F;Temps plein
NULL;13728-INFO-EMP-LINKEDIN-FR-1637398350.html;Ingénierie;NULL;Paris, FR;NULL;Premier emploi;NULL;Logware;Technologies de l’information;NULL;NULL;Ingénieur Big Data;Temps plein
NULL;13729-INFO-EMP-LINKEDIN-FR-1451239102.html;Ingénierie;NULL;Rennes, FR;NULL;Premier emploi;NULL;Neosoft Solutions Inc;Technologies de l’information;NULL;NULL;Ingénieur Big Data;Temps plein
NULL;13730-INFO-EMP-LINKEDIN-FR-1635559697.html;Technologies de l’information;NULL;Paris 04, Île-de-France, France;NULL;Confirmé;NULL;MFG Labs;Ingénierie;NULL;NULL;Ingénieur Python H/F;Temps plein
NULL;13731-INFO-EMP-LINKEDIN-FR-1602844051.html;Ingénierie;NULL;Lille, FR;NULL;Premier emploi;NULL;Devoteam;Technologies de l’information;NULL;NULL;Ingénieur Big data H/F;Temps plein
NULL;13732-INFO-EMP-LINKEDIN-FR-1644730945.html;Ingénierie;NULL;La Ciotat, FR;NULL;Premier emploi;NULL;CELAD;Technologies de l’information;NULL;NULL;[CDI ou Freelance] Ingénieur développement Python orienté traitement de données et Big Data - H/F;Temps plein
NULL;13733-INFO-EMP-LINKEDIN-FR-1627370281.html;Études/recherche;NULL;Vélizy-Villacoublay, FR;NULL;Non pertinent;NULL;Dassault Systèmes;Design;NULL;NULL;Ingénieur développement Big Data DELMIA R&D H/F;Temps plein
NULL;13734-INFO-EMP-LINKEDIN-FR-1625731515.html;Ingénierie;NULL;Le Mans, FR;NULL;Premier emploi;NULL;Groupe SII;Technologies de l’information;NULL;NULL;Ingénieur développement Big Data;Temps plein
NULL;13564-INFO-EMP-LINKEDIN-FR-1638814150.html;Ingénierie;NULL;Lyon, FR;NULL;Premier emploi;NULL;Soladis;Technologies de l’information;NULL;NULL;Data Scientist F/H;Temps plein
NULL;13735-INFO-EMP-LINKEDIN-FR-1619981567.html;Ingénierie;NULL;Paris, Ile-de-France, France;NULL;Manager;NULL;AnotherBrain;Technologies de l’information;NULL;NULL;Ingénieur.e IA;Temps plein
NULL;13736-INFO-EMP-LINKEDIN-FR-1559612050.html;Technologies de l’information;NULL;Paris, FR;NULL;Premier emploi;NULL;Astek;Conseil;NULL;NULL;Ingénieur étude et développement BIG DATA (H/F);Temps plein
NULL;13737-INFO-EMP-LINKEDIN-FR-1569461835.html;Technologies de l’information;NULL;Bezons, Île-de-France, France;NULL;Confirmé;NULL;Atos;Développement commercial;NULL;NULL;Ingénieur Commercial Big Data/IA (H/F);Temps plein
NULL;13738-INFO-EMP-LINKEDIN-FR-1609503176.html;Conseil;NULL;Sophia Antipolis, FR;NULL;Confirmé;NULL;Altran;Technologies de l’information;NULL;NULL;INGENIEUR EN DEVELOPPEMENT BIG DATA H/F;Temps plein
NULL;13739-INFO-EMP-LINKEDIN-FR-1596039881.html;Ingénierie;NULL;Vernon, FR;NULL;Premier emploi;NULL;SKF Groupe;Technologies de l’information;NULL;NULL;Ingénieur Big Data;Temps plein
NULL;13740-INFO-EMP-LINKEDIN-FR-1442551628.html;Conseil;NULL;Paris 16, Île-de-France, France;NULL;Confirmé;NULL;SOFTEAM Group;Technologies de l’information;NULL;NULL;Ingénieur Big Data;Temps plein
NULL;13741-INFO-EMP-LINKEDIN-FR-1464692595.html;Technologies de l’information;NULL;Région de Paris, France;NULL;Premier emploi;NULL;Thales;Technologies et services de l’information;NULL;NULL;Ingénieur Big Data;Temps plein
NULL;13742-INFO-EMP-LINKEDIN-FR-1602836742.html;Technologies de l’information;NULL;Paris, Île-de-France, France;NULL;Stagiaire;NULL;Keyrus;Technologies et services de l’information;NULL;NULL;Stagiaire Ingénieur d’Affaires H/F #Data & #Digital ;Stagiaire / Alternant
NULL;13743-INFO-EMP-LINKEDIN-FR-1644551818.html;Technologies de l’information;NULL;Paris, FR;NULL;Premier emploi;NULL;Lacoste;Confection et mode;NULL;NULL;Data Analyst;Temps plein
NULL;13744-INFO-EMP-LINKEDIN-FR-1604783346.html;Ingénierie;NULL;Lyon, FR;NULL;Premier emploi;NULL;Davidson consulting;Technologies de l’information;NULL;NULL;Data scientist – Machine learning;Temps plein
NULL;13547-INFO-EMP-LINKEDIN-FR-1519694389.html;Ventes;NULL;Lyon, FR;NULL;Premier emploi;NULL;Groupe PSIH;Développement commercial;NULL;NULL;INGÉNIEUR COMMERCIAL;Temps plein
NULL;13565-INFO-EMP-LINKEDIN-FR-1450797712.html;Ingénierie;NULL;Lyon, FR;NULL;Premier emploi;NULL;BIAL-R;Technologies de l’information;NULL;NULL;Data Scientist (H/F) Lyon;Temps plein
NULL;13745-INFO-EMP-LINKEDIN-FR-1602072235.html;Ingénierie;NULL;Lyon, FR;NULL;Premier emploi;NULL;Novulys;Technologies de l’information;NULL;NULL;Data Scientist H/F;Temps plein
NULL;13746-INFO-EMP-LINKEDIN-FR-1596475157.html;Ingénierie;NULL;Lyon, FR;NULL;Premier emploi;NULL;Flatchr;Technologies de l’information;NULL;NULL;Data Scientist - Stage - (Computer Vision/NLP/Predictive modelling) à Lyon;Temps plein
NULL;13747-INFO-EMP-LINKEDIN-FR-1555920154.html;Ingénierie;NULL;Lyon, FR;NULL;Premier emploi;NULL;Gfi world;Technologies de l’information;NULL;NULL;Data Scientist H/F;Temps plein
NULL;13748-INFO-EMP-LINKEDIN-FR-1647569045.html;Études/recherche;NULL;Dargoire, FR;NULL;Manager;NULL;Bayer;Sciences;NULL;NULL;Biostatistician / Data Scientist (M/F);Temps plein
NULL;13749-INFO-EMP-LINKEDIN-FR-1616553459.html;Technologies de l’information;NULL;Lyon, FR;NULL;Premier emploi;NULL;Veolia;Technologies et services de l’information;NULL;NULL;Data Analyst-Data Scientist;Temps plein
NULL;13750-INFO-EMP-LINKEDIN-FR-1607857216.html;Ingénierie;NULL;Lyon, FR;NULL;Premier emploi;NULL;VINCI Energies;Technologies de l’information;NULL;NULL;PFE Data Scientist - Big Data - IOT F/H;Temps plein
NULL;13751-INFO-EMP-LINKEDIN-FR-1609505290.html;Autre;NULL;Lyon, FR;NULL;Non pertinent;NULL;Volvo Group;Technologies de l’information;NULL;NULL;Data Scientist (H/F);Temps plein
NULL;13752-INFO-EMP-LINKEDIN-FR-1640458611.html;Ingénierie;NULL;Montpellier, FR;NULL;Premier emploi;NULL;2s2i Groupe;Technologies de l’information;NULL;NULL;Ingénieur Décisionnel h/f / Freelance;Temps plein
NULL;13753-INFO-EMP-LINKEDIN-FR-1640316475.html;Autre;NULL;Aix-en-Provence, FR;NULL;Non pertinent;NULL;AVISTO;Technologies et services de l’information;NULL;NULL;Ingénieur(e) décisionnel - BusinessIntelligence;Temps plein
NULL;13754-INFO-EMP-LINKEDIN-FR-1632460128.html;Ingénierie;NULL;Clichy, FR;NULL;Premier emploi;NULL;ILYEUM;Technologies de l’information;NULL;NULL;Ingénieur décisionnel technico-fonctionnel powerBI / SSRS/ Qliksense / Anglais (H/F) / Freelance;Temps plein
NULL;13566-INFO-EMP-LINKEDIN-FR-1613358196.html;Ingénierie;NULL;Lyon, FR;NULL;Non pertinent;NULL;Statkraft;Technologies de l’information;NULL;NULL;Stagiaire - Data Scientist (h/f);Temps plein
NULL;13755-INFO-EMP-LINKEDIN-FR-1643560284.html;Technologies de l’information;NULL;Azur, FR;NULL;Premier emploi;NULL;Acadomia;Technologies et services de l’information;NULL;NULL;INGÉNIEUR DBA DÉCISIONNEL (F/H);Temps plein
NULL;13756-INFO-EMP-LINKEDIN-FR-1602637167.html;Ingénierie;NULL;Montpellier, FR;NULL;Premier emploi;NULL;GFI Group;Technologies de l’information;NULL;NULL;Ingenieur decisionnel;Temps plein
NULL;13757-INFO-EMP-LINKEDIN-FR-1601610594.html;Ingénierie;NULL;Bordeaux, FR;NULL;Premier emploi;NULL;Expectra;Technologies de l’information;NULL;NULL;INGÉNIEUR DÉCISIONNEL (F/H);Temps plein
NULL;13758-INFO-EMP-LINKEDIN-FR-1633314397.html;Ingénierie;NULL;Lille, FR;NULL;Premier emploi;NULL;ICSIS;Technologies de l’information;NULL;NULL;Ingénieur d'Etudes Décisionnel H/F;Temps plein
NULL;13759-INFO-EMP-LINKEDIN-FR-1481280755.html;Technologies de l’information;NULL;Lille, Nord-Pas-de-Calais, France;NULL;Confirmé;NULL;Modis;Technologies et services de l’information;NULL;NULL;Ingénieur étude et développement Décisionnel (H/F);Temps plein
NULL;13760-INFO-EMP-LINKEDIN-FR-1645146997.html;Ingénierie;NULL;Montpellier, FR;NULL;Premier emploi;NULL;GFI;Technologies de l’information;NULL;NULL;INGENIEUR DECISIONNEL (H/F);Temps plein
NULL;13761-INFO-EMP-LINKEDIN-FR-1599269631.html;Développement commercial;NULL;Aix-en-Provence, FR;NULL;Premier emploi;NULL;Freelance-info.fr;Ventes;NULL;NULL;Ingénieur Décisionnel / BI (H/F) / Freelance;Temps plein
NULL;13762-INFO-EMP-LINKEDIN-FR-1646215303.html;Développement commercial;NULL;Aix-en-Provence, FR;NULL;Premier emploi;NULL;BeMore Holding;Ventes;NULL;NULL;Ingénieur Décisionnel / BI (H/F);Temps plein
NULL;13763-INFO-EMP-LINKEDIN-FR-1638827538.html;Ingénierie;NULL;Montpellier, FR;NULL;Premier emploi;NULL;2S2I;Technologies de l’information;NULL;NULL;Ingénieur décisionnel F/H;Temps plein
NULL;13764-INFO-EMP-LINKEDIN-FR-1640496251.html;Ingénierie;NULL;Lille, FR;NULL;Premier emploi;NULL;rh Studio;Technologies de l’information;NULL;NULL;INGENIEUR D'ETUDES DECISIONNEL F/H;Temps plein
NULL;13567-INFO-EMP-LINKEDIN-FR-1602713384.html;Ingénierie;NULL;Lyon, FR;NULL;Premier emploi;NULL;HAVANA IT & APPS;Technologies de l’information;NULL;NULL;Data Scientist (H/F) – Lyon;Temps plein
NULL;13765-INFO-EMP-LINKEDIN-FR-1490382724.html;Ingénierie;NULL;Boulogne-Billancourt, FR;NULL;Premier emploi;NULL;CEGEDIM SRH;Technologies de l’information;NULL;NULL;Ingénieur Décisionnel (H/F) - Boulogne Billancourt (France);Temps plein
NULL;13766-INFO-EMP-LINKEDIN-FR-1640390734.html;Ingénierie;NULL;Talence, FR;NULL;Premier emploi;NULL;CHU de Bordeaux;Technologies de l’information;NULL;NULL;INGENIEUR DECISIONNEL F/H;Temps plein
NULL;13767-INFO-EMP-LINKEDIN-FR-1644723772.html;Ingénierie;NULL;Paris, FR;NULL;Premier emploi;NULL;TV France International;Technologies de l’information;NULL;NULL;Stage ingénieur décisionnel, H/F;Temps plein
NULL;13768-INFO-EMP-LINKEDIN-FR-1640419997.html;Ingénierie;NULL;Courbevoie, FR;NULL;Premier emploi;NULL;Axande;Technologies de l’information;NULL;NULL;Ingénieur décisionnel F/H;Temps plein
NULL;13769-INFO-EMP-LINKEDIN-FR-1643470843.html;Ingénierie;NULL;Mérignac, FR;NULL;Premier emploi;NULL;Banco Cetelem, BNP Paribas Personal Finance;Technologies de l’information;NULL;NULL;Ingénieur Décisionnel H/F;Temps plein
NULL;13770-INFO-EMP-LINKEDIN-FR-1610806678.html;Développement commercial;NULL;Paris, FR;NULL;Confirmé;NULL;Sogia Systeme;Ventes;NULL;NULL;CONSULTANT DECISIONNEL GENIO/OTIC;Temps plein
NULL;13771-INFO-EMP-LINKEDIN-FR-1638315919.html;Développement commercial;NULL;Puteaux, FR;NULL;Confirmé;NULL;PERFECTSIGHT;Ventes;NULL;NULL;Consultant / Consultante décisionnel - Business Intelligence;Temps plein
NULL;13772-INFO-EMP-LINKEDIN-FR-1602703608.html;Développement commercial;NULL;Aix-en-Provence, FR;NULL;Confirmé;NULL;Fitae;Ventes;NULL;NULL;Consultant Décisionnel / Data Scientist (H/F);Temps plein
NULL;13773-INFO-EMP-LINKEDIN-FR-1580555680.html;Technologies de l’information;NULL;Aix-en-Provence, Provence-Alpes-Côte d’Azur, France;NULL;Confirmé;NULL;Montreal Associates;Comptabilité;NULL;NULL;Consultant Décisionnel Qlik ou Power BI;Temps plein
NULL;13774-INFO-EMP-LINKEDIN-FR-1644139275.html;Conseil;NULL;Paris, FR;NULL;Confirmé;NULL;Talea S.r.l.;Technologies de l’information;NULL;NULL;Consultant(e) décisionnel(le) Microsoft BI;Temps plein
NULL;13568-INFO-EMP-LINKEDIN-FR-1608609400.html;Ingénierie;NULL;Lyon, FR;NULL;Premier emploi;NULL;SELESCOPE;Technologies de l’information;NULL;NULL;Data Scientist-Responsable Data Mining h/f;Temps plein
NULL;13775-INFO-EMP-LINKEDIN-FR-1640475631.html;Développement commercial;NULL;Paris, FR;NULL;Confirmé;NULL;TALEA consult;Ventes;NULL;NULL;Consultant Décisionnel Microsoft BI F/H;Temps plein
NULL;13776-INFO-EMP-LINKEDIN-FR-1497554899.html;Développement commercial;NULL;Lyon, FR;NULL;Non pertinent;NULL;Atos;Ventes;NULL;NULL;Consultant décisionnel / Big Data (H/F);Temps plein
NULL;13777-INFO-EMP-LINKEDIN-FR-1640423629.html;Développement commercial;NULL;Marseille, FR;NULL;Confirmé;NULL;Groupe Apsaroke;Ventes;NULL;NULL;Consultant Décisionnel F/H;Temps plein
NULL;13778-INFO-EMP-LINKEDIN-FR-1640448992.html;Développement commercial;NULL;Paris, FR;NULL;Confirmé;NULL;ciorane;Ventes;NULL;NULL;Consultant Décisionnel TALEND F/H;Temps plein
NULL;13779-INFO-EMP-LINKEDIN-FR-1640213488.html;Développement commercial;NULL;Paris, FR;NULL;Confirmé;NULL;aldecis;Ventes;NULL;NULL;Consultant décisionnel BI F/H;Temps plein
NULL;13780-INFO-EMP-LINKEDIN-FR-1640291833.html;Développement commercial;NULL;Paris, FR;NULL;Confirmé;NULL;SudOuest RH;Ventes;NULL;NULL;Consultant Décisionnel F/H;Temps plein
NULL;13781-INFO-EMP-LINKEDIN-FR-1640425189.html;Développement commercial;NULL;Paris, FR;NULL;Confirmé;NULL;AKKA Tech;Ventes;NULL;NULL;Consultant Décisionnel F/H;Temps plein
NULL;13782-INFO-EMP-LINKEDIN-FR-1564431808.html;Développement commercial;NULL;Lyon, FR;NULL;Confirmé;NULL;DeciVision;Ventes;NULL;NULL;Consultant décisionnel stagiaire H/F - Lyon;Temps plein
NULL;13783-INFO-EMP-LINKEDIN-FR-1645584561.html;Développement commercial;NULL;Paris, FR;NULL;Confirmé;NULL;Asigma;Ventes;NULL;NULL;Consultant Decisionnel SAS;Temps plein
NULL;13784-INFO-EMP-LINKEDIN-FR-1641913818.html;Développement commercial;NULL;Saint-Herblain, FR;NULL;Confirmé;NULL;KOBALTT;Ventes;NULL;NULL;Consultant Décisionnel Confirmé (H/F);Temps plein
NULL;13569-INFO-EMP-LINKEDIN-FR-1647106383.html;Ingénierie;NULL;Lyon, FR;NULL;Premier emploi;NULL;Fédération hospitalière de France (FHF);Technologies de l’information;NULL;NULL;Data scientist f/h;Temps plein
NULL;13785-INFO-EMP-LINKEDIN-FR-1451404661.html;Développement commercial;NULL;Paris, FR;NULL;Confirmé;NULL;Valuetis;Ventes;NULL;NULL;Consultant décisionnel;Temps plein
NULL;13786-INFO-EMP-LINKEDIN-FR-1590048437.html;Développement commercial;NULL;Paris, FR;NULL;Confirmé;NULL;Everwin;Ventes;NULL;NULL;Consultant Decisionnel BI (H/F);Temps plein
NULL;13787-INFO-EMP-LINKEDIN-FR-1418691215.html;Ingénierie;NULL;Région de Lyon, France;NULL;Confirmé;NULL;Smile Open Source Solutions;Technologies et services de l’information;NULL;NULL;CONSULTANT DÉCISIONNEL H/F;Temps plein
NULL;13788-INFO-EMP-LINKEDIN-FR-1599912507.html;Technologies de l’information;NULL;Lyon, FR;NULL;Confirmé;NULL;Astek;Conseil;NULL;NULL;Consultant MS BI (F/H);Temps plein
NULL;13789-INFO-EMP-LINKEDIN-FR-1582115820.html;Conseil;NULL;Région de Paris, France;NULL;Confirmé;NULL;Eversa;Réseaux informatiques;NULL;NULL;Consultant Décisionnel Microsoft BI – MSBI (H/F);Temps plein
NULL;13790-INFO-EMP-LINKEDIN-FR-1644124886.html;Développement commercial;NULL;Paris, FR;NULL;Confirmé;NULL;Alteca;Ventes;NULL;NULL;Consultant décisionnel BI (F/H);Temps plein
NULL;13791-INFO-EMP-LINKEDIN-FR-1468925298.html;Développement commercial;NULL;Aix-en-Provence, FR;NULL;Confirmé;NULL;Micropole;Ventes;NULL;NULL;Consultant Décisionnel H/F;Temps plein
NULL;13792-INFO-EMP-LINKEDIN-FR-1540456511.html;Développement commercial;NULL;Saint-Ouen, FR;NULL;Confirmé;NULL;Gfi world;Ventes;NULL;NULL;Consultant décisionnel Informatica H/F;Temps plein
NULL;13793-INFO-EMP-LINKEDIN-FR-1644761324.html;Développement commercial;NULL;Aix-en-Provence, FR;NULL;Confirmé;NULL;BeMore Holding;Ventes;NULL;NULL;Consultant / Consultante décisionnel - Business Intelligence;Temps plein
NULL;13794-INFO-EMP-LINKEDIN-FR-1599956301.html;Conseil;NULL;Région de Paris, France;NULL;Confirmé;NULL;Blue Talent;Assurances;NULL;NULL;Consultant Décisionnel COGNOS / DATASTAGE confirmé F/H;Temps plein
NULL;13570-INFO-EMP-LINKEDIN-FR-1589595331.html;Secteur industriel;NULL;Sainte-Julie, FR;NULL;Non pertinent;NULL;Plastic Omnium;Ingénierie;NULL;NULL;Data Analytics Project Manager - Industry 4.0;Temps plein
NULL;13795-INFO-EMP-LINKEDIN-FR-1636557107.html;Ingénierie;NULL;Mérignac, FR;NULL;Premier emploi;NULL;BNP Paribas Personal Finance;Technologies de l’information;NULL;NULL;Ingénieur Décisionnel H/F;Temps plein
NULL;13796-INFO-EMP-LINKEDIN-FR-1647505593.html;Ingénierie;NULL;Paris, FR;NULL;Premier emploi;NULL;Alteca;Technologies de l’information;NULL;NULL;Stage - Ingénieur d'études décisionnel H/F;Temps plein
NULL;13797-INFO-EMP-LINKEDIN-FR-1437107058.html;Ingénierie;NULL;Montpellier, FR;NULL;Premier emploi;NULL;Gfi world;Technologies de l’information;NULL;NULL;INGENIEUR DECISIONNEL H/F;Temps plein
NULL;13798-INFO-EMP-LINKEDIN-FR-1497591308.html;Ingénierie;NULL;Niort, FR;NULL;Premier emploi;NULL;Micropole;Technologies de l’information;NULL;NULL;Ingénieur Décisionnel - H/F;Temps plein
NULL;13799-INFO-EMP-LINKEDIN-FR-1555991658.html;Ingénierie;NULL;Toulouse, FR;NULL;Premier emploi;NULL;OPEN;Technologies de l’information;NULL;NULL;Ingénieur Décisionnel (H/F);Temps plein
NULL;monTest.html;Ingénierie;NULL;Toulouse, FR;NULL;Premier emploi;NULL;OPEN;Technologies de l’information;NULL;NULL;Ingénieur Décisionnel (H/F);Temps plein
NULL;13571-INFO-EMP-LINKEDIN-FR-1583080186.html;Technologies de l’information;NULL;Lyon, FR;NULL;Premier emploi;NULL;Carriere-info.fr;Technologies et services de l’information;NULL;NULL;Data Steward / Data engineeer;Temps plein
NULL;13572-INFO-EMP-LINKEDIN-FR-1602644857.html;Technologies de l’information;NULL;Lyon, FR;NULL;Premier emploi;NULL;DCS EASYWARE;Technologies et services de l’information;NULL;NULL;Data Analyst confirmé F/H;Temps plein
NULL;13573-INFO-EMP-LINKEDIN-FR-1602929951.html;Technologies de l’information;NULL;Lyon, FR;NULL;Premier emploi;NULL;INTITEK;Technologies et services de l’information;NULL;NULL;Data Analyst F/H;Temps plein
NULL;13574-INFO-EMP-LINKEDIN-FR-1634138009.html;Technologies de l’information;NULL;Écully, FR;NULL;Confirmé;NULL;Feu Vert;Industrie automobile;NULL;NULL;DATA ANALYST JUNIOR (H/F);Temps plein
NULL;13548-INFO-EMP-LINKEDIN-FR-1638675310.html;Ingénierie;NULL;Lyon, FR;NULL;Premier emploi;NULL;CELAD;Technologies de l’information;NULL;NULL;Ingénieur Expert(e) Talend F/H;Temps plein
NULL;13575-INFO-EMP-LINKEDIN-FR-1647449074.html;Technologies de l’information;NULL;Limonest, FR;NULL;Premier emploi;NULL;Adsearch;Technologies et services de l’information;NULL;NULL;DATA ANALYST;Temps plein
NULL;13576-INFO-EMP-LINKEDIN-FR-1451979173.html;Technologies de l’information;NULL;Limonest, FR;NULL;Premier emploi;NULL;Kiss The Bride;Marketing et publicité;NULL;NULL;Data Analyst manager;Temps plein
NULL;13577-INFO-EMP-LINKEDIN-FR-1646255443.html;Technologies de l’information;NULL;Lyon 03, FR;NULL;Premier emploi;NULL;DTA INGENIERIE MEDITERRANEE;Technologies et services de l’information;NULL;NULL;Data analyst;Temps plein
NULL;13578-INFO-EMP-LINKEDIN-FR-1637893990.html;Technologies de l’information;NULL;Lyon, FR;NULL;Premier emploi;NULL;Roamler;Marketing et publicité;NULL;NULL;Data Analyst;Temps plein
NULL;13579-INFO-EMP-LINKEDIN-FR-1596016475.html;Technologies de l’information;NULL;Lyon, Auvergne-Rhône-Alpes, France;NULL;Non pertinent;NULL;BIOASTER;Études/recherche;NULL;NULL;Ingénieur infrastructure et service CLOUD R&D H/F;Temps plein
NULL;13580-INFO-EMP-LINKEDIN-FR-1623044159.html;Ingénierie;NULL;Lyon, FR;NULL;Premier emploi;NULL;SILKHOM - SMART RECRUITMENT;Technologies de l’information;NULL;NULL;ingénieur Java – Editeur de logiciels Big Data/Cloud F/H;Temps plein
NULL;13581-INFO-EMP-LINKEDIN-FR-1524820953.html;Service clients;NULL;69230, Saint-Genis-Laval, Auvergne-Rhone-Alpes, France;NULL;Confirmé;NULL;CNS Communications;Technologies de l’information;NULL;NULL;Ingénieur réseaux;Temps plein
NULL;13582-INFO-EMP-LINKEDIN-FR-1611007803.html;Ingénierie;NULL;Lyon, FR;NULL;Premier emploi;NULL;Business Activ;Technologies de l’information;NULL;NULL;Ingénieur Logiciel - Traitement d'image et Big Data;Temps plein
NULL;13583-INFO-EMP-LINKEDIN-FR-1602843522.html;Gestion;NULL;Lyon, FR;NULL;Premier emploi;NULL;Devoteam;Secteur industriel;NULL;NULL;Ingénieur sécurité infrastructure H/F;Temps plein
NULL;13584-INFO-EMP-LINKEDIN-FR-1599955384.html;Technologies de l’information;NULL;Lyon Area, France;NULL;Premier emploi;NULL;Hermitage Solutions Fr;Ventes;NULL;NULL;Ingénieur avant-vente en Cybersécurité H/F;Temps plein
NULL;13549-INFO-EMP-LINKEDIN-FR-1638763250.html;Ingénierie;NULL;Lyon, FR;NULL;Premier emploi;NULL;CELAD;Technologies de l’information;NULL;NULL;Ingénieur Expert(e) Talend (H/F);Temps plein
NULL;13585-INFO-EMP-LINKEDIN-FR-1450683034.html;Technologies de l’information;NULL;Lyon, FR;NULL;Premier emploi;NULL;HUGGA;Technologies et services de l’information;NULL;NULL;Data Analyst - Start-up dans les objets connectés / Lyon;Temps plein
NULL;13586-INFO-EMP-LINKEDIN-FR-1559602447.html;Design;NULL;Nice, FR;NULL;Non pertinent;NULL;Atos;Art/création;NULL;NULL;STAGE BIGDATA PLATEFORMS - (H/F);Temps plein
NULL;13587-INFO-EMP-LINKEDIN-FR-1595877705.html;Technologies de l’information;NULL;Lyon, FR;NULL;Premier emploi;NULL;ITS;Technologies et services de l’information;NULL;NULL;INGÉNIEUR RÉSEAU H/F - BFI5742;Temps plein
NULL;13588-INFO-EMP-LINKEDIN-FR-1489228239.html;Analyste;NULL;Lyon, FR;NULL;Non pertinent;NULL;Thales;Technologies de l’information;NULL;NULL;Architecte logiciel (H/F);Temps plein
NULL;13589-INFO-EMP-LINKEDIN-FR-1572087526.html;Ingénierie;NULL;Lyon, FR;NULL;Premier emploi;NULL;Groupe CREATIVE;Technologies de l’information;NULL;NULL;Ingénieur en développement Java J2EE full-stack (H/F);Temps plein
NULL;13590-INFO-EMP-LINKEDIN-FR-1465461379.html;Technologies de l’information;NULL;Lyon, FR;NULL;Confirmé;NULL;BIAL-R;Technologies et services de l’information;NULL;NULL;Consultant expert Data et Informatique décisionnelle (H/F) Lyon;Temps plein
NULL;13591-INFO-EMP-LINKEDIN-FR-1497557216.html;Technologies de l’information;NULL;Lyon, FR;NULL;Non pertinent;NULL;Atos;Sécurité informatique et des réseaux;NULL;NULL;Ingénieur informatique industrielle (H/F);Temps plein
NULL;13592-INFO-EMP-LINKEDIN-FR-1487734181.html;Ingénierie;NULL;Lyon, FR;NULL;Premier emploi;NULL;Everteam;Technologies de l’information;NULL;NULL;Ingénieur(e) QA logiciel;Temps plein
NULL;13593-INFO-EMP-LINKEDIN-FR-1566347092.html;Ingénierie;NULL;Lyon 06, FR;NULL;Premier emploi;NULL;Expectra;Technologies de l’information;NULL;NULL;INGÉNIEUR JAVA (F/H);Temps plein
NULL;13594-INFO-EMP-LINKEDIN-FR-1604015381.html;Ingénierie;NULL;Lyon, FR;NULL;Confirmé;NULL;SoftAtHome;Technologies de l’information;NULL;NULL;Senior JAVA Backend Ingénieur - (H/F);Temps plein
NULL;13550-INFO-EMP-LINKEDIN-FR-1573133460.html;Technologies de l’information;NULL;Lyon, FR;NULL;Premier emploi;NULL;Sopra Steria;Environnement et énergies renouvelables;NULL;NULL;Consultant Big Data;Temps plein
NULL;13595-INFO-EMP-LINKEDIN-FR-1617285899.html;Autre;NULL;Lyon, FR;NULL;Premier emploi;NULL;KOBALTT;Technologies et services de l’information;NULL;NULL;Ingénieur Devops (H/F);Temps plein
NULL;13596-INFO-EMP-LINKEDIN-FR-1555990361.html;Technologies de l’information;NULL;Lyon, FR;NULL;Premier emploi;NULL;Carriere-info.fr;Technologies et services de l’information;NULL;NULL;ingénieur informatique Développement Javascript;Temps plein
NULL;13597-INFO-EMP-LINKEDIN-FR-1096203262.html;Ingénierie;NULL;Lyon, FR;NULL;Premier emploi;NULL;Groupe ADAMING;Technologies de l’information;NULL;NULL;Ingénieur Etudes et Développement - Reconversion (69) H/F;Temps plein
NULL;13598-INFO-EMP-LINKEDIN-FR-1640330606.html;Ingénierie;NULL;Lyon, FR;NULL;Premier emploi;NULL;Sept Lieues;Technologies de l’information;NULL;NULL;Ingénieur Logiciel Embarqué - Automobile F/H;Temps plein
NULL;13599-INFO-EMP-LINKEDIN-FR-1624194363.html;Technologies de l’information;NULL;Saint-Maurice-sur-Dargoire, FR;NULL;Premier emploi;NULL;MycommunIT;Technologies et services de l’information;NULL;NULL;INGENIEUR DES SYSTEMES D'INFORMATIONS - MASTER DATA MANAGEMENT (H/F) - Saint-Maurice;Temps plein
NULL;13600-INFO-EMP-LINKEDIN-FR-1451233659.html;Ingénierie;NULL;Lyon, FR;NULL;Confirmé;NULL;Stambia;Technologies de l’information;NULL;NULL;Ingénieur Architecte Java Full Stack;Temps plein
NULL;13601-INFO-EMP-LINKEDIN-FR-1628385746.html;Ingénierie;NULL;Lyon, FR;NULL;Premier emploi;NULL;Adsearch;Technologies de l’information;NULL;NULL;Ingénieur Développement Java Python;Temps plein
NULL;13602-INFO-EMP-LINKEDIN-FR-1612979912.html;Ingénierie;NULL;Lyon, FR;NULL;Premier emploi;NULL;Inria;Technologies de l’information;NULL;NULL;Ingénieur développement sur Grid'5000;Temps plein
NULL;13603-INFO-EMP-LINKEDIN-FR-1564375879.html;Ingénierie;NULL;Lyon, FR;NULL;Premier emploi;NULL;Squadata;Technologies de l’information;NULL;NULL;Adserving / Ingénieur BigData / CDI;Temps plein
NULL;13604-INFO-EMP-LINKEDIN-FR-1604818595.html;Ingénierie;NULL;Lyon, FR;NULL;Premier emploi;NULL;Squadata;Technologies de l’information;NULL;NULL;Adserving / Ingénieur BigData;Temps plein
NULL;13551-INFO-EMP-LINKEDIN-FR-1602929951.html;Technologies de l’information;NULL;Lyon, FR;NULL;Premier emploi;NULL;INTITEK;Technologies et services de l’information;NULL;NULL;Data Analyst F/H;Temps plein
NULL;13605-INFO-EMP-LINKEDIN-FR-1617151191.html;Ingénierie;NULL;Région de Paris, France;NULL;Confirmé;NULL;FinDiT Consulting;Technologies de l’information;NULL;NULL;Data Scientist & UX;Temps plein
NULL;13606-INFO-EMP-LINKEDIN-FR-1569839108.html;Technologies de l’information;NULL;Paris Area, France;NULL;Manager;NULL;Osella Technology;Gestion;NULL;NULL;Chief Technology Officer;Temps plein
NULL;13607-INFO-EMP-LINKEDIN-FR-1559672806.html;Design;NULL;Bezons, FR;NULL;Non pertinent;NULL;Atos;Art/création;NULL;NULL;Stage Cloud & Big Data - (H/F);Temps plein
NULL;13608-INFO-EMP-LINKEDIN-FR-1618663471.html;Technologies de l’information;NULL;Fontenay-sous-Bois, FR;NULL;Non pertinent;NULL;Societe Generale Corporate and Investment Banking - SGCIB;Technologies et services de l’information;NULL;NULL;Stage - Analyste SI-Métier / MOA débutant-(H/F) ;CDD ou mission ponctuelle
NULL;13609-INFO-EMP-LINKEDIN-FR-1582122565.html;Ingénierie;NULL;Viroflay, Île-de-France, France;NULL;Confirmé;NULL;Expertime;Conseil;NULL;NULL;Lead Data Architect;Temps plein
NULL;13610-INFO-EMP-LINKEDIN-FR-1582189165.html;Technologies de l’information;NULL;Évry, Île-de-France, France;NULL;Premier emploi;NULL;Accor;Restauration collective;NULL;NULL;Développeur Talend Big Data H/F;Temps plein
NULL;13611-INFO-EMP-LINKEDIN-FR-1331158524.html;Ingénierie;NULL;Lyon, FR;NULL;Premier emploi;NULL;Urban Linker;Technologies de l’information;NULL;NULL;Développeur Fullstack Python;Temps plein
NULL;13612-INFO-EMP-LINKEDIN-FR-1643430162.html;Technologies de l’information;NULL;Saint-Priest, FR;NULL;Premier emploi;NULL;Intrum-fr;Avocats;NULL;NULL;DATA ANALYST H/F;Temps plein
NULL;13613-INFO-EMP-LINKEDIN-FR-1437100470.html;Ingénierie;NULL;Lyon, FR;NULL;Confirmé;NULL;Urban Linker;Technologies de l’information;NULL;NULL;Développeur Python Django sénior;Temps plein
NULL;13614-INFO-EMP-LINKEDIN-FR-1589592999.html;Technologies de l’information;NULL;Lyon, FR;NULL;Confirmé;NULL;Carriere-info.fr;Technologies et services de l’information;NULL;NULL;Analyste fonctionnel informatique Senior Salesforce;Temps plein
NULL;13552-INFO-EMP-LINKEDIN-FR-1599166885.html;Autre;NULL;Lyon, FR;NULL;Non pertinent;NULL;Adthink;Marketing et publicité;NULL;NULL;OFFRE DE STAGE (H/F) : MACHINE LEARNING - DATA SCIENTIST;Temps plein
NULL;13615-INFO-EMP-LINKEDIN-FR-1636623683.html;Technologies de l’information;NULL;Limonest, FR;NULL;Premier emploi;NULL;Adsearch SAS;Technologies et services de l’information;NULL;NULL;Data analyst h/f;Temps plein
NULL;13616-INFO-EMP-LINKEDIN-FR-1607807811.html;Développement commercial;NULL;Lyon, Auvergne-Rhône-Alpes, France;NULL;Manager;NULL;TLScontact;Responsable produit;NULL;NULL;Head of Products & Partnerships H/F Lyon 3;Temps plein
NULL;13617-INFO-EMP-LINKEDIN-FR-1566352908.html;Management de projet;NULL;Villeurbanne, FR;NULL;Manager;NULL;Micropole;Technologies de l’information;NULL;NULL;Chef de projets Master Data Management H/F;Temps plein
NULL;13618-INFO-EMP-LINKEDIN-FR-1605797277.html;Technologies de l’information;NULL;Écully, FR;NULL;Confirmé;NULL;FeuVert;Industrie automobile;NULL;NULL;DATA ANALYST JUNIOR H/F;Temps plein
NULL;13619-INFO-EMP-LINKEDIN-FR-1452023237.html;Technologies de l’information;NULL;Limonest, FR;NULL;Confirmé;NULL;Kiss The Bride;Marketing et publicité;NULL;NULL;Data Analyst Senior;Temps plein
NULL;13620-INFO-EMP-LINKEDIN-FR-1557974215.html;Technologies de l’information;NULL;Lyon, FR;NULL;Premier emploi;NULL;Sanofi;Industrie pharmaceutique;NULL;NULL;ITS SOC Analyst M/F;Temps plein
NULL;13621-INFO-EMP-LINKEDIN-FR-1598812999.html;Technologies de l’information;NULL;Lyon, FR;NULL;Confirmé;NULL;Feu Vert;Industrie automobile;NULL;NULL;DATA ANALYST JUNIOR H/F;Temps plein
NULL;13622-INFO-EMP-LINKEDIN-FR-1580548729.html;Gestion;NULL;Lyon, Auvergne-Rhône-Alpes, France;NULL;Confirmé;NULL;Cegid;Stratégie/planning;NULL;NULL;Planificateur Support et Data Analyst H/F;Temps plein
NULL;13623-INFO-EMP-LINKEDIN-FR-1624707100.html;Technologies de l’information;NULL;Bron, FR;NULL;Premier emploi;NULL;Cerema;Technologies et services de l’information;NULL;NULL;Analyste de données;Temps plein
NULL;13624-INFO-EMP-LINKEDIN-FR-1644712187.html;Autre;NULL;Lyon, FR;NULL;Non pertinent;NULL;Adthink;Marketing et publicité;NULL;NULL;OFFRE D’EMPLOI (H/F) : MEDIA TRADER et DATA ANALYST;Temps plein
NULL;13553-INFO-EMP-LINKEDIN-FR-1566950259.html;Ingénierie;NULL;Lyon, FR;NULL;Premier emploi;NULL;Groupe SII;Technologies de l’information;NULL;NULL;Développeur Big Data (H/F);Temps plein
NULL;13625-INFO-EMP-LINKEDIN-FR-1626444838.html;Ingénierie;NULL;Paris, FR;NULL;Premier emploi;NULL;Clustree;Technologies de l’information;NULL;NULL;Data Scientist / Data Engineer;Temps plein
NULL;13626-INFO-EMP-LINKEDIN-FR-1611186233.html;Ingénierie;NULL;Paris, FR;NULL;Premier emploi;NULL;PARIS GROUP;Technologies de l’information;NULL;NULL;Data scientist lumiomedical;Temps plein
NULL;13627-INFO-EMP-LINKEDIN-FR-1325714075.html;Technologies de l’information;NULL;Région de Paris, France;NULL;Confirmé;NULL;LittleBigCode;Logiciels informatiques;NULL;NULL;Data Scientist;Temps plein
NULL;13628-INFO-EMP-LINKEDIN-FR-1599908905.html;Ingénierie;NULL;Paris, Île-de-France, France;NULL;Manager;NULL;MFG Labs;Technologies de l’information;NULL;NULL;Lead Data Scientist;Temps plein
NULL;13629-INFO-EMP-LINKEDIN-FR-1586991262.html;Ingénierie;NULL;Paris, FR;NULL;Premier emploi;NULL;C3.ai;Technologies de l’information;NULL;NULL;Data Scientist;Temps plein
NULL;13630-INFO-EMP-LINKEDIN-FR-1609025951.html;Ingénierie;NULL;Courbevoie, FR;NULL;Non pertinent;NULL;NVIDIA;Technologies de l’information;NULL;NULL;Data Scientist – WWFO;Temps plein
NULL;13631-INFO-EMP-LINKEDIN-FR-1538177251.html;Responsable produit;NULL;Nice, Provence-Alpes-Cote d'Azur, France;NULL;Manager;NULL;ABAKA;Ingénierie;NULL;NULL;NLP Data Scientist;Temps plein
NULL;13632-INFO-EMP-LINKEDIN-FR-1535829222.html;Ingénierie;NULL;Paris, FR;NULL;Premier emploi;NULL;Teads.tv;Technologies de l’information;NULL;NULL;Data Scientist;Temps plein
NULL;13633-INFO-EMP-LINKEDIN-FR-1595461423.html;Analyste;NULL;Paris Area, France;NULL;Manager;NULL;Harnham;Marketing;NULL;NULL;DATA SCIENTIST SENIOR;Temps plein
NULL;13634-INFO-EMP-LINKEDIN-FR-1607857216.html;Ingénierie;NULL;Lyon, FR;NULL;Premier emploi;NULL;VINCI Energies;Technologies de l’information;NULL;NULL;PFE Data Scientist - Big Data - IOT F/H;Temps plein
NULL;13554-INFO-EMP-LINKEDIN-FR-1634138009.html;Technologies de l’information;NULL;Écully, FR;NULL;Confirmé;NULL;Feu Vert;Industrie automobile;NULL;NULL;DATA ANALYST JUNIOR (H/F);Temps plein
NULL;13635-INFO-EMP-LINKEDIN-FR-1566376616.html;Technologies de l’information;NULL;Lille Area, France;NULL;Manager;NULL;Osella Technology;Publicité;NULL;NULL;Data Scientist;Temps plein
NULL;13636-INFO-EMP-LINKEDIN-FR-1546359534.html;Technologies de l’information;NULL;Paris Area, France;NULL;Manager;NULL;Fujitsu France;Conseil;NULL;NULL;Data Scientist;Temps plein
NULL;13637-INFO-EMP-LINKEDIN-FR-1626518610.html;Autre;NULL;Strasbourg, Alsace, France;NULL;Confirmé;NULL;Euro Protection Surveillance;Services aux consommateurs;NULL;NULL;DATA SCIENTIST F/H;Temps plein
NULL;13638-INFO-EMP-LINKEDIN-FR-1509131671.html;Analyste;NULL;Paris;NULL;Stagiaire;NULL;PRIORITIS Market Access;Études/recherche;NULL;NULL;Data Scientist;Temps plein
NULL;13639-INFO-EMP-LINKEDIN-FR-1575149544.html;Technologies de l’information;NULL;Paris 02, Île-de-France, France;NULL;Confirmé;NULL;LMACP;Ingénierie;NULL;NULL;Data Scientist;Temps plein
NULL;13640-INFO-EMP-LINKEDIN-FR-1640330076.html;Ingénierie;NULL;Paris, FR;NULL;Premier emploi;NULL;CACIIS;Technologies de l’information;NULL;NULL;Data Scientist (F/H);Temps plein
NULL;13641-INFO-EMP-LINKEDIN-FR-1609505290.html;Autre;NULL;Lyon, FR;NULL;Non pertinent;NULL;Volvo Group;Technologies de l’information;NULL;NULL;Data Scientist (H/F);Temps plein
NULL;13642-INFO-EMP-LINKEDIN-FR-1589534520.html;Ingénierie;NULL;Région de Paris, France;NULL;Manager;NULL;Groupe SeLoger;Technologies de l’information;NULL;NULL;Data Scientist;Temps plein
NULL;13643-INFO-EMP-LINKEDIN-FR-1572466931.html;Technologies de l’information;NULL;Paris, Ile-de-France, France;NULL;Manager;NULL;Glocomms;Ingénierie;NULL;NULL;Data Scientist;Temps plein
NULL;13644-INFO-EMP-LINKEDIN-FR-1589529874.html;Ingénierie;NULL;Paris, Île-de-France, France;NULL;Premier emploi;NULL;Datatorii;Technologies de l’information;NULL;NULL;Data Scientist;Temps plein
