date_creation_entreprise;fichier_source;id_soc;nom_societe;secteur_entreprise;siege_social_entreprise;taille_entreprise;type_entreprise;ville_entreprise
 1995;13546-INFO-SOC-GLASSDOOR-E12966_P1.html;1;Devoteam; Services informatiques;Levallois-Perret;De 1 001 à 5 000 employés; Entreprise cotée en bourse;Levallois-Perret
 1983;13563-INFO-SOC-GLASSDOOR-E13082_P1.html;10;CEGID; Solutions logicielles et réseau d'entreprise;Lyon;De 1 001 à 5 000 employés; Entreprise non cotée en bourse;Lyon
 1988;13728-INFO-SOC-GLASSDOOR-E200717_P1.html;100;Astek; Services informatiques;Paris;De 1 001 à 5 000 employés; Entreprise non cotée en bourse;Paris
 Inconnu;13729-INFO-SOC-GLASSDOOR-E234791_P1.html;101;Astek Group; Fabrication de produits de soins de santé;Altrincham, Angleterre (Royaume-Uni);De 1 à 50 employés; Entreprise cotée en bourse (AKG) ;Altrincham, Angleterre (Royaume-Uni)
 1996;13732-INFO-SOC-GLASSDOOR-E158808_P1.html;102;Keyrus Group; Services informatiques;Levallois-Perret;De 1 001 à 5 000 employés; Entreprise cotée en bourse (KEY.PA) ;Levallois-Perret
 1993;13733-INFO-SOC-GLASSDOOR-E852040_P1.html;103;Yongzhi Plastic Electronics (Shenzhen) Co.; Fabrication industrielle;Hong Kong (Hong Kong);Entre 201 et 500 employés; Entreprise non cotée en bourse;Hong Kong (Hong Kong)
 2000;13734-INFO-SOC-GLASSDOOR-E10358_P1.html;104;Thales; Aérospatiale et Défense;Nanterre;Plus de 10 000 employés; Entreprise cotée en bourse (HO) ;Nanterre
 2001;13736-INFO-SOC-GLASSDOOR-E410527_P1.html;105;Thales-Raytheon Systems; Gestion des transports;Fullerton, CA (États-Unis);De 501 à 1 000 employés; Entreprise non cotée en bourse;Fullerton, CA (États-Unis)
 Entreprise non cotée en bourse;13737-INFO-SOC-GLASSDOOR-E2947949_P1.html;106;L&T Thales Technology Services; Ne sait pas / non applicable par an;Plus de 10 000 employés; Inconnu; Inconnu;Plus de 10 000 employés
 2002;13741-INFO-SOC-GLASSDOOR-E1132227_P1.html;107;JEMS Group; Services informatiques;Neuilly;Entre 201 et 500 employés; Entreprise non cotée en bourse;Neuilly
 1967;13745-INFO-SOC-GLASSDOOR-E3803_P1.html;108;Capgemini; Solutions logicielles et réseau d'entreprise;Paris;Plus de 10 000 employés; Entreprise cotée en bourse (CAP) ;Paris
"<a href=""/Présentation/Travailler-chez-Capgemini-EI_IE3803.16,25.htm"">Capgemini</a>";13746-INFO-SOC-GLASSDOOR-E589990_P1.html;109;Capgemini Invent; Entreprise cotée en bourse;Courbevoie;De 5 001 à 10 000 employés; 2009;Courbevoie
 1863;13564-INFO-SOC-GLASSDOOR-E4245_P1.html;11;Bayer; Biotechnologies et pharmaceutique;Leverkusen (Allemagne);Plus de 10 000 employés; Entreprise cotée en bourse (BAYN) ;Leverkusen (Allemagne)
 1989;13753-INFO-SOC-GLASSDOOR-E13339_P1.html;110;Open; Services d'architecture et d'ingénierie;Levallois-Perret;De 1 001 à 5 000 employés; Entreprise cotée en bourse (OPN) ;Levallois-Perret
 Inconnu;13755-INFO-SOC-GLASSDOOR-E1762947_P1.html;111;Open Minds Open Hearts Day Care; Inconnu;New Orleans, LA (États-Unis);De 1 à 50 employés; Entreprise cotée en bourse;New Orleans, LA (États-Unis)
 1992;13758-INFO-SOC-GLASSDOOR-E5694_P1.html;112;OpenText; Solutions logicielles et réseau d'entreprise;Waterloo, ON (Canada);Plus de 10 000 employés; Entreprise cotée en bourse (OTEX) ;Waterloo, ON (Canada)
 2008;13760-INFO-SOC-GLASSDOOR-E1194086_P1.html;113;Open Sourcing; Recrutement et sous-traitance;Paris;De 1 à 50 employés; Entreprise non cotée en bourse;Paris
 Inconnu;13761-INFO-SOC-GLASSDOOR-E1366034_P1.html;114;Artefact; Conseils;Paris;De 501 à 1 000 employés; Entreprise cotée en bourse;Paris
 2006;13762-INFO-SOC-GLASSDOOR-E253138_P1.html;115;Artefact Group; Conseils;Seattle, WA (États-Unis);De 51 à 200 employés; Entreprise non cotée en bourse;Seattle, WA (États-Unis)
 2003;13764-INFO-SOC-GLASSDOOR-E1164584_P1.html;116;Artefacts Studio; Inconnu;Villeurbanne;De 1 à 50 employés; Entreprise non cotée en bourse;Villeurbanne
 Inconnu;13767-INFO-SOC-GLASSDOOR-E1387356_P1.html;117;Openfield Live; Inconnu;Paris;De 1 à 50 employés; Cabinet / Société du secteur privé;Paris
 2004;13769-INFO-SOC-GLASSDOOR-E658429_P1.html;118;Phaidon International; Recrutement et sous-traitance;Londres, Angleterre (Royaume-Uni);De 501 à 1 000 employés; Entreprise non cotée en bourse;Londres, Angleterre (Royaume-Uni)
 2006;13770-INFO-SOC-GLASSDOOR-E1013306_P1.html;119;D2SI; Conseils;Paris;De 51 à 200 employés; Entreprise non cotée en bourse;Paris
 2002;13570-INFO-SOC-GLASSDOOR-E1394648_P1.html;12;Abaka; Conseils;Rennes;De 1 à 50 employés; Cabinet / Société du secteur privé;Rennes
 2001;13771-INFO-SOC-GLASSDOOR-E1125581_P1.html;120;Adthink-Media; Inconnu;Tassin;De 51 à 200 employés; Inconnu;Tassin
 1907;13772-INFO-SOC-GLASSDOOR-E3974_P1.html;121;SKF; Fabrication industrielle;Gothenburg (Suède);Plus de 10 000 employés; Entreprise cotée en bourse (SKFRY) ;Gothenburg (Suède)
 Inconnu;13777-INFO-SOC-GLASSDOOR-E116383_P1.html;122;GFI; Jeux vidéo;Moscou (Russie);De 51 à 200 employés; Entreprise non cotée en bourse;Moscou (Russie)
 1995;13778-INFO-SOC-GLASSDOOR-E9028_P1.html;123;Gfi Informatique; Services informatiques;Saint-Ouen, Île-de-France;Plus de 10 000 employés; Entreprise cotée en bourse;Saint-Ouen, Île-de-France
 1992;13779-INFO-SOC-GLASSDOOR-E33451_P1.html;124;GFI Software; Matériel et logiciels informatiques;Austin, TX (États-Unis);De 51 à 200 employés; Entreprise non cotée en bourse;Austin, TX (États-Unis)
 1987;13780-INFO-SOC-GLASSDOOR-E35333_P1.html;125;GFI Group; Services de courtage;New York, NY (États-Unis);De 1 001 à 5 000 employés; Entreprise cotée en bourse (GFIG) ;New York, NY (États-Unis)
 1988;13783-INFO-SOC-GLASSDOOR-E231247_P1.html;126;ACCEO Solutions; Solutions logicielles et réseau d'entreprise;Montréal, QC (Canada);De 501 à 1 000 employés; Entreprise non cotée en bourse;Montréal, QC (Canada)
 1987;13787-INFO-SOC-GLASSDOOR-E35333_P1.html;127;GFI Group; Services de courtage;New York, NY (États-Unis);De 1 001 à 5 000 employés; Entreprise cotée en bourse (GFIG) ;New York, NY (États-Unis)
 1995;13790-INFO-SOC-GLASSDOOR-E9028_P1.html;128;Gfi Informatique; Services informatiques;Saint-Ouen, Île-de-France;Plus de 10 000 employés; Entreprise cotée en bourse;Saint-Ouen, Île-de-France
 Inconnu;13791-INFO-SOC-GLASSDOOR-E116383_P1.html;129;GFI; Jeux vidéo;Moscou (Russie);De 51 à 200 employés; Entreprise non cotée en bourse;Moscou (Russie)
 2003;13571-INFO-SOC-GLASSDOOR-E1061225_P1.html;13;Expertime; Services informatiques;Viroflay;De 51 à 200 employés; Entreprise non cotée en bourse;Viroflay
 1992;13792-INFO-SOC-GLASSDOOR-E33451_P1.html;130;GFI Software; Matériel et logiciels informatiques;Austin, TX (États-Unis);De 51 à 200 employés; Entreprise non cotée en bourse;Austin, TX (États-Unis)
 1988;13795-INFO-SOC-GLASSDOOR-E231247_P1.html;131;ACCEO Solutions; Solutions logicielles et réseau d'entreprise;Montréal, QC (Canada);De 501 à 1 000 employés; Entreprise non cotée en bourse;Montréal, QC (Canada)
 1967;13796-INFO-SOC-GLASSDOOR-E3054_P1.html;132;Accor; Hôtels, motels et stations de tourisme;Paris;Plus de 10 000 employés; Entreprise cotée en bourse (ACCOR SA) ;Paris
"<a href=""/Présentation/Travailler-chez-Accor-EI_IE3054.16,21.htm"">Accor</a>";13800-INFO-SOC-GLASSDOOR-E1443740_P1.html;133;ibis; Filiale ou unité d'exploitation;Courcouronnes;Plus de 10 000 employés; Inconnu;Courcouronnes
 Inconnu;13801-INFO-SOC-GLASSDOOR-E736804_P1.html;134;La Redoute; Autres magasins de détail;Roubaix;De 1 001 à 5 000 employés; Entreprise non cotée en bourse;Roubaix
 Inconnu;13802-INFO-SOC-GLASSDOOR-E3127620_P1.html;135;LA REDOUTE; Inconnu;Roubaix;Inconnu; Entreprise cotée en bourse;Roubaix
 1853;13803-INFO-SOC-GLASSDOOR-E20114_P1.html;136;Veolia; Services publics de distribution;Paris;Plus de 10 000 employés; Entreprise cotée en bourse (VIE) ;Paris
"<a href=""/Présentation/Travailler-chez-Veolia-EI_IE20114.16,22.htm"">Veolia</a>";13805-INFO-SOC-GLASSDOOR-E846722_P1.html;137;OTV; Filiale ou unité d'exploitation;Saint-Maurice, Alsace;Plus de 10 000 employés; 1980;Saint-Maurice, Alsace
 Entreprise non cotée en bourse;13806-INFO-SOC-GLASSDOOR-E2701639_P1.html;138;Veolia Water Tech; Ne sait pas / non applicable par an;Inconnu; Inconnu; Inconnu;Inconnu
 Inconnu;13807-INFO-SOC-GLASSDOOR-E1260894_P1.html;139;Groupe NICOLLIN - Groupe VEOLIA; Inconnu;Saint-Fons;Inconnu; Inconnu;Saint-Fons
 Inconnu;13572-INFO-SOC-GLASSDOOR-E2098670_P1.html;14;Adsearch; Inconnu;Paris;De 51 à 200 employés; Entreprise non cotée en bourse;Paris
 2011;13809-INFO-SOC-GLASSDOOR-E413452_P1.html;140;Transdev; Gestion des transports;Lombard, IL (États-Unis);Plus de 10 000 employés; Entreprise non cotée en bourse;Lombard, IL (États-Unis)
 1987;13574-INFO-SOC-GLASSDOOR-E1130973_P1.html;15;Groupe Adéquat; Recrutement et sous-traitance;Lyon;De 501 à 1 000 employés; Entreprise non cotée en bourse;Lyon
 Inconnu;13575-INFO-SOC-GLASSDOOR-E1922609_P1.html;16;Multimedia France Productions; Inconnu;Paris;De 51 à 200 employés; Inconnu;Paris
"<a href=""/Présentation/Travailler-chez-Adecco-Group-EI_IE1389739.16,28.htm"">Adecco Group</a>";13576-INFO-SOC-GLASSDOOR-E18712_P1.html;17;Modis; Filiale ou unité d'exploitation;Zurich (Suisse);De 5 001 à 10 000 employés; 1994;Zurich (Suisse)
 1964;13577-INFO-SOC-GLASSDOOR-E235143_P1.html;18;UK Ministry of Defence; Organismes fédéraux;Londres, Angleterre (Royaume-Uni);Plus de 10 000 employés; Gouvernement;Londres, Angleterre (Royaume-Uni)
 1991;13584-INFO-SOC-GLASSDOOR-E1044716_P1.html;19;Smile Group; Services informatiques;Asnières-sur-Seine;De 1 001 à 5 000 employés; Entreprise non cotée en bourse;Asnières-sur-Seine
 1919;13550-INFO-SOC-GLASSDOOR-E10686_P1.html;2;Atos; Services informatiques;Bezons;Plus de 10 000 employés; Entreprise cotée en bourse (ATO) ;Bezons
 1969;13585-INFO-SOC-GLASSDOOR-E13058_P1.html;20;Cegedim; Matériel et logiciels informatiques;Boulogne-Billancourt;De 1 001 à 5 000 employés; Entreprise cotée en bourse (CGM) ;Boulogne-Billancourt
 2009;13586-INFO-SOC-GLASSDOOR-E649071_P1.html;21;Groupe Creative; Services d'architecture et d'ingénierie;Rennes;Entre 201 et 500 employés; Entreprise non cotée en bourse;Rennes
 1948;13587-INFO-SOC-GLASSDOOR-E1838_P1.html;22;Robert Half; Recrutement et sous-traitance;Menlo Park, CA (États-Unis);Plus de 10 000 employés; Entreprise cotée en bourse (RHI) ;Menlo Park, CA (États-Unis)
 1933;13596-INFO-SOC-GLASSDOOR-E111193_P1.html;23;Lacoste; Magasins de chaussures, de vêtements et grands magasins;Paris;De 5 001 à 10 000 employés; Entreprise non cotée en bourse;Paris
 Inconnu;13598-INFO-SOC-GLASSDOOR-E1363502_P1.html;24;Lacoste Traiteur; Inconnu;Eysines;De 51 à 200 employés; Entreprise non cotée en bourse;Eysines
 Inconnu;13600-INFO-SOC-GLASSDOOR-E541990_P1.html;25;CGIAR; Assistance sociale;Montpellier;De 5 001 à 10 000 employés; Association à but non lucratif;Montpellier
 1927;13602-INFO-SOC-GLASSDOOR-E3516_P1.html;26;Volvo Group; Fabrication d'équipement de transport;Gothenburg (Suède);Plus de 10 000 employés; Entreprise cotée en bourse (VOLVY) ;Gothenburg (Suède)
 1928;13603-INFO-SOC-GLASSDOOR-E5772_P1.html;27;Volvo Trucks; Fabrication d'équipement de transport;Greensboro, NC (États-Unis);De 1 001 à 5 000 employés; Filiale ou unité d'exploitation;Greensboro, NC (États-Unis)
 1927;13604-INFO-SOC-GLASSDOOR-E37990_P1.html;28;Volvo Cars; Fabrication industrielle;Gothenburg (Suède);Plus de 10 000 employés; Entreprise non cotée en bourse;Gothenburg (Suède)
 1985;13606-INFO-SOC-GLASSDOOR-E31197_P1.html;29;Volvo Construction Equipment; Fabrication industrielle;Asheville, NC (États-Unis);Entre 201 et 500 employés; Filiale ou unité d'exploitation;Asheville, NC (États-Unis)
 Inconnu;13551-INFO-SOC-GLASSDOOR-E794111_P1.html;3;Atos; Fabrication d'appareils électriques et électroniques;Sesto Calende (Italie);Entre 201 et 500 employés; Entreprise non cotée en bourse;Sesto Calende (Italie)
 Filiale ou unité d'exploitation;13607-INFO-SOC-GLASSDOOR-E301204_P1.html;30;Volvo Information Technology; Entre 5 et 10 milliards € (EUR) par an;De 1 001 à 5 000 employés; Inconnu; Services informatiques;De 1 001 à 5 000 employés
 1972;13612-INFO-SOC-GLASSDOOR-E845851_P1.html;31;Feu Vert; Magasins de pièces automobiles et accessoires;Écully;De 1 001 à 5 000 employés; Entreprise non cotée en bourse;Écully
 1992;13614-INFO-SOC-GLASSDOOR-E230035_P1.html;32;SeLoger; Édition;Paris;De 501 à 1 000 employés; Entreprise non cotée en bourse;Paris
 2013;13615-INFO-SOC-GLASSDOOR-E6538_P1.html;33;CNH Industrial; Fabrication industrielle;Londres, Angleterre (Royaume-Uni);Plus de 10 000 employés; Entreprise cotée en bourse (CNHI) ;Londres, Angleterre (Royaume-Uni)
"<a href=""/Présentation/Travailler-chez-CNH-Industrial-EI_IE6538.16,30.htm"">CNH Industrial</a>";13617-INFO-SOC-GLASSDOOR-E139323_P1.html;34;CNH Industrial Capital; Entreprise cotée en bourse (CNHI) ;Racine, WI (États-Unis);Entre 201 et 500 employés; Inconnu;Racine, WI (États-Unis)
 Inconnu;13618-INFO-SOC-GLASSDOOR-E1136406_P1.html;35;SOTRAVO Filiale SOLOCAL GROUP; Inconnu;Montigny;Inconnu; Inconnu;Montigny
 Inconnu;13619-INFO-SOC-GLASSDOOR-E800152_P1.html;36;SoLocal Group; Services de télécommunications;Sèvres;De 1 001 à 5 000 employés; Entreprise non cotée en bourse;Sèvres
 Inconnu;13621-INFO-SOC-GLASSDOOR-E1178969_P1.html;37;Morgan Philips Group; Inconnu;Luxembourg (Luxembourg);De 51 à 200 employés; Entreprise non cotée en bourse;Luxembourg (Luxembourg)
 2013;13622-INFO-SOC-GLASSDOOR-E847875_P1.html;38;Morgan Philips Executive Search; Recrutement et sous-traitance;Luxembourg (Luxembourg);Entre 201 et 500 employés; Filiale ou unité d'exploitation;Luxembourg (Luxembourg)
 1978;13623-INFO-SOC-GLASSDOOR-E1146056_P1.html;39;Montreal Associates; Recrutement et sous-traitance;Londres, Angleterre (Royaume-Uni);De 51 à 200 employés; Entreprise non cotée en bourse;Londres, Angleterre (Royaume-Uni)
 Inconnu;13552-INFO-SOC-GLASSDOOR-E2131167_P1.html;4;Atos Consulting; Inconnu;Nyon (Suisse);De 1 001 à 5 000 employés; Entreprise cotée en bourse;Nyon (Suisse)
 1861;13624-INFO-SOC-GLASSDOOR-E397805_P1.html;40;STM; Secteur ferroviaire;Montréal, QC (Canada);De 5 001 à 10 000 employés; Gouvernement;Montréal, QC (Canada)
 1873;13625-INFO-SOC-GLASSDOOR-E192082_P1.html;41;Polytechnique Montréal; Enseignement supérieur et universités;Montréal, QC (Canada);De 1 001 à 5 000 employés; Enseignement supérieur/universitaire;Montréal, QC (Canada)
 1817;13626-INFO-SOC-GLASSDOOR-E3765_P1.html;42;BMO Financial Group; Banques et organismes de crédit;Toronto, ON (Canada);Plus de 10 000 employés; Entreprise cotée en bourse (BMO) ;Toronto, ON (Canada)
 Inconnu;13627-INFO-SOC-GLASSDOOR-E253618_P1.html;43;Concordia University; Enseignement supérieur et universités;Montréal, QC (Canada);De 5 001 à 10 000 employés; Enseignement supérieur/universitaire;Montréal, QC (Canada)
 Inconnu;13628-INFO-SOC-GLASSDOOR-E235643_P1.html;44;University of Montreal; Enseignement supérieur et universités;Montréal, QC (Canada);De 5 001 à 10 000 employés; Enseignement supérieur/universitaire;Montréal, QC (Canada)
 Inconnu;13629-INFO-SOC-GLASSDOOR-E474142_P1.html;45;CRIM (Computer Research Institute of Montreal); Recherche et développement;Montréal, QC (Canada);Inconnu; Autre organisation;Montréal, QC (Canada)
 Inconnu;13630-INFO-SOC-GLASSDOOR-E456207_P1.html;46;Eidos Montreal; Jeux vidéo;Montréal, QC (Canada);Entre 201 et 500 employés; Entreprise cotée en bourse;Montréal, QC (Canada)
 Inconnu;13633-INFO-SOC-GLASSDOOR-E672181_P1.html;47;Softeam; Matériel et logiciels informatiques;Paris;De 501 à 1 000 employés; Entreprise non cotée en bourse;Paris
 1993;13634-INFO-SOC-GLASSDOOR-E7633_P1.html;48;NVIDIA; Matériel et logiciels informatiques;Santa Clara, CA (États-Unis);Plus de 10 000 employés; Entreprise cotée en bourse (NVDA) ;Santa Clara, CA (États-Unis)
 2007;13636-INFO-SOC-GLASSDOOR-E1303620_P1.html;49;2S2I Solutions & Services; Services informatiques;Montpellier;De 51 à 200 employés; Autre organisation;Montpellier
 1980;13553-INFO-SOC-GLASSDOOR-E5304_P1.html;5;Atos-Syntel; Services informatiques;Troy, MI (États-Unis);Plus de 10 000 employés; Filiale ou unité d'exploitation;Troy, MI (États-Unis)
 Inconnu;13637-INFO-SOC-GLASSDOOR-E3133104_P1.html;50;ALTRAN; Inconnu;Hambourg (Allemagne);Inconnu; Entreprise cotée en bourse;Hambourg (Allemagne)
 Inconnu;13638-INFO-SOC-GLASSDOOR-E1481570_P1.html;51;ALTRAD Group; Inconnu;Montpellier;De 1 001 à 5 000 employés; Entreprise non cotée en bourse;Montpellier
 1991;13639-INFO-SOC-GLASSDOOR-E7448_P1.html;52;Altran Group; Services informatiques;Paris;Plus de 10 000 employés; Entreprise cotée en bourse (ALT) ;Paris
"<a href=""/Présentation/Travailler-chez-Altran-Group-EI_IE7448.16,28.htm"">Altran Group</a>";13640-INFO-SOC-GLASSDOOR-E427636_P1.html;53;Altran Engineering Solution; Entreprise non cotée en bourse;Nice;De 501 à 1 000 employés; 2006;Nice
"<a href=""/Présentation/Travailler-chez-Altran-North-America-EI_IE28187.16,36.htm"">Altran North America</a>";13641-INFO-SOC-GLASSDOOR-E28187_P1.html;54;Altran North America; Entreprise cotée en bourse;New York, NY (États-Unis);Plus de 10 000 employés; 1991;New York, NY (États-Unis)
 Franchise;13643-INFO-SOC-GLASSDOOR-E2411165_P1.html;55;Altran Telnet; Ne sait pas / non applicable par an;Entre 201 et 500 employés; Inconnu; Inconnu;Entre 201 et 500 employés
"<a href=""/Présentation/Travailler-chez-LVMH-EI_IE3489.16,20.htm"">LVMH</a>";13645-INFO-SOC-GLASSDOOR-E14590_P1.html;56;Sephora; Entreprise non cotée en bourse;San Francisco, CA (États-Unis);Plus de 10 000 employés; 1969;San Francisco, CA (États-Unis)
 1987;13646-INFO-SOC-GLASSDOOR-E3489_P1.html;57;LVMH; Autres magasins de détail;Paris;Plus de 10 000 employés; Entreprise cotée en bourse (MC) ;Paris
 Inconnu;13647-INFO-SOC-GLASSDOOR-E241449_P1.html;58;Statkraft AS; Services publics de distribution;Oslo (Norvège);Entre 201 et 500 employés; Entreprise non cotée en bourse;Oslo (Norvège)
 2009;13648-INFO-SOC-GLASSDOOR-E1137726_P1.html;59;Sparklane; Solutions logicielles et réseau d'entreprise;Paris;De 1 à 50 employés; Inconnu;Paris
 2000;13554-INFO-SOC-GLASSDOOR-E855284_P1.html;6;Atos Medical; Fabrication de produits de soins de santé;New Berlin, WI (États-Unis);De 51 à 200 employés; Filiale ou unité d'exploitation;New Berlin, WI (États-Unis)
"<a href=""/Présentation/Travailler-chez-ManpowerGroup-EI_IE582741.16,29.htm"">ManpowerGroup</a>";13649-INFO-SOC-GLASSDOOR-E2548_P1.html;60;Manpower; Filiale ou unité d'exploitation;Uxbridge, Angleterre (Royaume-Uni);De 5 001 à 10 000 employés; 1948;Uxbridge, Angleterre (Royaume-Uni)
 2008;13650-INFO-SOC-GLASSDOOR-E809243_P1.html;61;ITS; Biotechnologies et pharmaceutique;Burnaby, BC (Canada);De 1 à 50 employés; Entreprise non cotée en bourse;Burnaby, BC (Canada)
 1997;13652-INFO-SOC-GLASSDOOR-E788645_P1.html;62;ITS Group; Services informatiques;Boulogne-Billancourt;De 1 001 à 5 000 employés; Entreprise cotée en bourse;Boulogne-Billancourt
 Inconnu;13653-INFO-SOC-GLASSDOOR-E454220_P1.html;63;Loria; Recherche et développement;Vandoeuvre;De 501 à 1 000 employés; Entreprise non cotée en bourse;Vandoeuvre
 2006;13654-INFO-SOC-GLASSDOOR-E899918_P1.html;64;ITS Overlap; Production animale;Nanterre;Entre 201 et 500 employés; Entreprise non cotée en bourse;Nanterre
"<a href=""/Présentation/Travailler-chez-Canon-EI_IE3522.16,21.htm"">Canon</a>";13655-INFO-SOC-GLASSDOOR-E717393_P1.html;65;Canon ITS; Filiale ou unité d'exploitation;Chesapeake, VA (États-Unis);Entre 201 et 500 employés; Inconnu;Chesapeake, VA (États-Unis)
 1979;13660-INFO-SOC-GLASSDOOR-E26056_P1.html;66;Groupe SII; Services informatiques;Paris;De 1 001 à 5 000 employés; Entreprise cotée en bourse (SII) ;Paris
 2006;13661-INFO-SOC-GLASSDOOR-E633820_P1.html;67;Sii Poland; Services informatiques;Varsovie (Pologne);De 1 001 à 5 000 employés; Entreprise non cotée en bourse;Varsovie (Pologne)
 2014;13668-INFO-SOC-GLASSDOOR-E1127933_P1.html;68;cerema; Inconnu;Bron, Rhône-Alpes;De 1 001 à 5 000 employés; Inconnu;Bron, Rhône-Alpes
 Inconnu;13673-INFO-SOC-GLASSDOOR-E1464013_P1.html;69;Paris Inn Group; Inconnu;Paris;De 501 à 1 000 employés; Entreprise non cotée en bourse;Paris
 1981;13558-INFO-SOC-GLASSDOOR-E6162_P1.html;7;Dassault Systemes; Matériel et logiciels informatiques;Vélizy;Plus de 10 000 employés; Entreprise cotée en bourse (DASTY) ;Vélizy
 Inconnu;13676-INFO-SOC-GLASSDOOR-E1130981_P1.html;70;Groupe Altice Média; Inconnu;Paris;De 501 à 1 000 employés; Inconnu;Paris
 1941;13677-INFO-SOC-GLASSDOOR-E1063459_P1.html;71;CALIDA Group; Inconnu;Sursee (Suisse);Inconnu; Inconnu;Sursee (Suisse)
 1997;13678-INFO-SOC-GLASSDOOR-E379472_P1.html;72;Logware; Conseils;Paris;Entre 201 et 500 employés; Entreprise non cotée en bourse;Paris
 2000;13679-INFO-SOC-GLASSDOOR-E906809_P1.html;73;Fortuneo SA; Banques et organismes de crédit;Paris;Entre 201 et 500 employés; Filiale ou unité d'exploitation;Paris
 Inconnu;13689-INFO-SOC-GLASSDOOR-E2098670_P1.html;74;Adsearch; Inconnu;Paris;De 51 à 200 employés; Entreprise non cotée en bourse;Paris
 1987;13691-INFO-SOC-GLASSDOOR-E1130973_P1.html;75;Groupe Adéquat; Recrutement et sous-traitance;Lyon;De 501 à 1 000 employés; Entreprise non cotée en bourse;Lyon
 2011;13692-INFO-SOC-GLASSDOOR-E929611_P1.html;76;Teads; Publicité et marketing;Luxembourg (Luxembourg);De 501 à 1 000 employés; Entreprise non cotée en bourse;Luxembourg (Luxembourg)
 2010;13693-INFO-SOC-GLASSDOOR-E762009_P1.html;77;Datadog; Matériel et logiciels informatiques;New York, NY (États-Unis);De 1 001 à 5 000 employés; Entreprise cotée en bourse (DDOG) ;New York, NY (États-Unis)
 1987;13699-INFO-SOC-GLASSDOOR-E3489_P1.html;78;LVMH; Autres magasins de détail;Paris;Plus de 10 000 employés; Entreprise cotée en bourse (MC) ;Paris
"<a href=""/Présentation/Travailler-chez-LVMH-EI_IE3489.16,20.htm"">LVMH</a>";13700-INFO-SOC-GLASSDOOR-E1127781_P1.html;79;CELINE; Cabinet / Société du secteur privé;Paris;De 1 001 à 5 000 employés; 1945;Paris
"<a href=""/Présentation/Travailler-chez-Dassault-Systemes-EI_IE6162.16,33.htm"">Dassault Systemes</a>";13559-INFO-SOC-GLASSDOOR-E13824_P1.html;8;SolidWorks; Filiale ou unité d'exploitation;Waltham, MA (États-Unis);De 501 à 1 000 employés; 1993;Waltham, MA (États-Unis)
"<a href=""/Présentation/Travailler-chez-LVMH-EI_IE3489.16,20.htm"">LVMH</a>";13701-INFO-SOC-GLASSDOOR-E1132974_P1.html;80;Les Echos; Filiale ou unité d'exploitation;Paris;Entre 201 et 500 employés; 1908;Paris
"<a href=""/Présentation/Travailler-chez-LVMH-EI_IE3489.16,20.htm"">LVMH</a>";13702-INFO-SOC-GLASSDOOR-E1159854_P1.html;81;Kendo; Filiale ou unité d'exploitation;San Francisco, CA (États-Unis);Entre 201 et 500 employés; Inconnu;San Francisco, CA (États-Unis)
 1973;13704-INFO-SOC-GLASSDOOR-E9347_P1.html;82;Sanofi; Biotechnologies et pharmaceutique;Paris;Plus de 10 000 employés; Entreprise cotée en bourse (SNY) ;Paris
 Entreprise non cotée en bourse;13705-INFO-SOC-GLASSDOOR-E2762239_P1.html;83;Sanofi Pasteur; Ne sait pas / non applicable par an;Inconnu; Inconnu; Inconnu;Inconnu
 Inconnu;13706-INFO-SOC-GLASSDOOR-E19928_P1.html;84;Merial; Fabrication de produits grand public;Harlow, Angleterre (Royaume-Uni);De 1 001 à 5 000 employés; Filiale ou unité d'exploitation;Harlow, Angleterre (Royaume-Uni)
 1885;13708-INFO-SOC-GLASSDOOR-E4252_P1.html;85;Groupe Crédit Agricole; Investissements bancaires et gestion d'actifs;Montrouge;De 5 001 à 10 000 employés; Entreprise cotée en bourse (CRARF) ;Montrouge
 Inconnu;13709-INFO-SOC-GLASSDOOR-E1365869_P1.html;86;Groupe Crédit Agricole du Maroc; Banques et organismes de crédit;Rabat (Maroc);De 501 à 1 000 employés; Entreprise cotée en bourse;Rabat (Maroc)
"<a href=""/Présentation/Travailler-chez-Groupe-Crédit-Agricole-EI_IE4252.16,38.htm"">Groupe Crédit Agricole</a>";13710-INFO-SOC-GLASSDOOR-E476908_P1.html;87;CACIB; Entreprise non cotée en bourse;Paris;De 5 001 à 10 000 employés; 1994;Paris
 Inconnu;13711-INFO-SOC-GLASSDOOR-E3043501_P1.html;88;Crédit Agricole d'Ile de France; Inconnu;Paris;De 1 001 à 5 000 employés; Inconnu;Paris
 Inconnu;13712-INFO-SOC-GLASSDOOR-E3041003_P1.html;89;Crédit Agricole d'Aquitaine; Inconnu;Bordeaux, Aquitaine;De 1 001 à 5 000 employés; Entreprise cotée en bourse;Bordeaux, Aquitaine
 2007;13562-INFO-SOC-GLASSDOOR-E1303620_P1.html;9;2S2I Solutions & Services; Services informatiques;Montpellier;De 51 à 200 employés; Autre organisation;Montpellier
 Inconnu;13713-INFO-SOC-GLASSDOOR-E3142186_P1.html;90;Crédit Agricole; Inconnu;Paris;Inconnu; Entreprise cotée en bourse;Paris
 1973;13714-INFO-SOC-GLASSDOOR-E10777_P1.html;91;Lectra; Matériel et logiciels informatiques;Paris;De 1 001 à 5 000 employés; Entreprise cotée en bourse (LSS) ;Paris
 1968;13716-INFO-SOC-GLASSDOOR-E466295_P1.html;92;Sopra Steria; Services informatiques;Annecy-le-Vieux;Plus de 10 000 employés; Entreprise cotée en bourse (SOP:EN Paris) ;Annecy-le-Vieux
"<a href=""/Présentation/Travailler-chez-Sopra-Steria-EI_IE466295.16,28.htm"">Sopra Steria</a>";13717-INFO-SOC-GLASSDOOR-E1187250_P1.html;93;Sopra Steria Recruitment; Filiale ou unité d'exploitation;Reading, Angleterre (Royaume-Uni);De 51 à 200 employés; 1979;Reading, Angleterre (Royaume-Uni)
 2013;13718-INFO-SOC-GLASSDOOR-E1881876_P1.html;94;CITECH; Services informatiques;Paris;De 51 à 200 employés; Cabinet / Société du secteur privé;Paris
 2010;13722-INFO-SOC-GLASSDOOR-E1256638_P1.html;95;Group Adaming; Services informatiques;Paris;De 501 à 1 000 employés; Cabinet / Société du secteur privé;Paris
 1987;13723-INFO-SOC-GLASSDOOR-E373493_P1.html;96;Micropole; Conseils;Levallois-Perret;De 1 001 à 5 000 employés; Entreprise cotée en bourse;Levallois-Perret
 1976;13724-INFO-SOC-GLASSDOOR-E1126011_P1.html;97;alptis assurances; Inconnu;Lyon;Entre 201 et 500 employés; Inconnu;Lyon
 Entreprise cotée en bourse (POM) ;13725-INFO-SOC-GLASSDOOR-E10842_P1.html;98;Plastic Omnium; Entre 2 et 5 milliards € (EUR) par an;Plus de 10 000 employés; 1946; Fabrication d'équipement de transport;Plus de 10 000 employés
 Inconnu;13727-INFO-SOC-GLASSDOOR-E1261010_P1.html;99;Mixt Composites Recyclables; Inconnu;Tournon-sur-Rhône;Inconnu; Inconnu;Tournon-sur-Rhône
